Catchment,Scenario Name,Timeperiod,Income,Costs,Profit,Debt,Built_Wetland_Area,Clean_Races_Area,Farm_Plan_Area,Riparian_Planting_Area,Crop_area,Dairy_area,Forest_area,Sheep-Beef_Area,GHGs,Nitrates,Sediment,Phosphates,Ecoli
Waihou-Piako,Adam-1,0,1414739458,1196315403,218424055,424720218.6,1247,816,1278,1227,184,9078,1068,3089,1378965.136,5759346.032,1139000.32,134558.96,732926.56
Waihou-Piako,Adam-1,1,1414816858,1196592150,218224708,597590531.1,2181,1382,2342,2423,173,8703,1502,3041,1378612.016,5761805.488,1139776.4,134513.04,732949.712
Waihou-Piako,Adam-1,2,1385039747,1175957280,209082467,588185502.1,3059,2044,3448,3353,216,8329,1981,2893,1190958.672,5160128.88,921681.712,115096.32,608032.912
Waihou-Piako,Adam-1,3,1358251381,1159175090,199076291,560162797.8,4200,2746,4816,4322,241,8060,2290,2828,1011182.864,4634723.936,764487.984,99316.272,503372.128
Waihou-Piako,Adam-1,4,1334742606,1145015711,189726895,460001863.6,5335,3653,5944,5536,261,7838,2473,2847,884930.576,4172429.696,625236.304,84742.608,413023.28
Waihou-Piako,Adam-1,5,1314339893,1132596005,181743888,423142349.8,6477,4531,6936,6589,275,7658,2693,2793,787262.784,3689788.672,515216.688,71457.776,334071.312
Waihou-Piako,Adam-1,6,1296483672,1125560721,170922951,402583220.2,7522,5440,7652,7530,293,7519,2814,2793,694765.248,3262504.592,424414.864,59636.688,262437.632
Waihou-Piako,Adam-1,7,1278985277,1116602166,162383111,421762298.7,8135,5973,8160,8134,305,7295,3011,2808,626522.816,2903795.424,367891.424,50920.352,209906.064
Waihou-Piako,Adam-1,8,1261411852,1103872170,157539682,424194650.3,8677,6272,8562,8458,332,7163,3186,2738,531537.856,2616759.584,334513.264,44755.968,173809.12
Waihou-Piako,Adam-1,9,1253207671,1098961417,154246254,427791221.9,8857,6329,8645,8764,334,6918,3466,2701,464026.48,2446500.784,295746.064,40778.4,150125.92
Waihou-Piako,Adam-1,10,1235568489,1085022888,150545601,427584805.2,8880,6273,8678,8865,356,6684,3726,2653,359908.48,2247956,273948.64,37500.208,129547.216
Waihou-Piako,Dan-1,0,1414664765,1196543938,218120827,395817119,1332,840,1219,1267,184,9078,1068,3089,1379504.32,5738137.52,1133321.152,133573.856,724425.824
Waihou-Piako,Dan-1,1,1415854303,1195723583,220130720,544933964,1759,1073,1656,1759,182,8809,1389,3039,1380065.712,5736746.656,1132384.64,133363.136,724240.512
Waihou-Piako,Dan-1,2,1394299259,1180857505,213441754,529888711,2169,1292,1998,2158,163,8542,1681,3033,1255799.216,5452459.872,1028870.848,124752.656,662740.704
Waihou-Piako,Dan-1,3,1375323170,1167919648,207403522,495062025,2534,1568,2337,2456,180,8285,1976,2978,1142846.256,5179855.488,944259.28,116991.6,613301.872
Waihou-Piako,Dan-1,4,1356939418,1153341183,203598235,406848084,2966,1846,2806,2912,211,8124,2115,2969,1031418.416,4927527.952,885235.664,110123.936,566885.456
Waihou-Piako,Dan-1,5,1342859911,1143262867,199597044,375238641,3319,2133,3143,3272,212,7960,2363,2884,964651.104,4716275.904,805332.96,103308.8,520456.976
Waihou-Piako,Dan-1,6,1331587212,1136120790,195466422,368826042,3607,2333,3494,3812,218,7785,2550,2866,875085.664,4509361.568,743925.376,97380.048,478410.752
Waihou-Piako,Dan-1,7,1318707997,1127212578,191495419,351665055,3996,2526,3836,4108,245,7577,2734,2863,795042.72,4272496.88,688577.424,91430.656,441651.952
Waihou-Piako,Dan-1,8,1301990267,1115764145,186226122,354974897,4366,2752,4258,4377,264,7424,2856,2875,719797.504,4066997.392,648228.464,85935.328,407934.768
Waihou-Piako,Dan-1,9,1290464775,1105648305,184816470,331421605,4744,2909,4685,4681,303,7309,2953,2854,667024.336,3906959.68,609739.568,81380.016,379843.808
Waihou-Piako,Dan-1,10,1280665762,1099613633,181052129,347200570,4944,3097,5033,4972,308,7163,3142,2806,618999.232,3759620.368,569821.504,76797.136,353160.624
Waihou-Piako,David-1,0,1414739458,1196315403,218424055,448064993.8,1247,816,1278,1227,184,9078,1068,3089,1378965.136,5759346.032,1139000.32,134558.96,732926.56
Waihou-Piako,David-1,1,1412637122,1195524868,217112254,595479282.6,1600,1094,1683,1604,229,8732,1416,3042,1375149.872,5753784.544,1139617.104,134373.04,731778.512
Waihou-Piako,David-1,2,1387323639,1174256295,213067344,644014486.8,1834,1346,2050,1992,235,8237,1987,2960,1235591.472,5427239.28,1048737.312,125269.616,670313.008
Waihou-Piako,David-1,3,1320220699,1148139240,172081459,591479195.4,2051,1576,2266,2221,244,7871,2425,2879,1021503.664,5007578.768,967460.928,115143.376,604243.136
Waihou-Piako,David-1,4,1262857623,1128990078,133867545,480816076.5,2232,1719,2484,2365,246,7507,2868,2798,861011.44,4715901.376,914736.96,108310.496,556366.144
Waihou-Piako,David-1,5,1209451497,1111403337,98048160,351140350.7,2491,1821,2758,2552,295,7219,3219,2686,699863.44,4460750.096,860695.024,102233.44,513636.784
Waihou-Piako,David-1,6,1161751921,1096787411,64964510,258528444,2720,1954,2940,2669,317,6961,3495,2646,562974.496,4229464.144,798978.576,96254.384,473435.968
Waihou-Piako,David-1,7,1114791171,1083959497,30831674,196621248,2814,2066,3135,2831,312,6684,3871,2552,455580.512,4044972.736,759301.296,91918.816,442782.24
Waihou-Piako,David-1,8,1068713711,1070464009,-1750298,135494911.6,2846,2149,3259,3105,323,6448,4142,2506,331938.752,3829518.16,709045.296,86988.672,409386.544
Waihou-Piako,David-1,9,1022574096,1056009578,-33435482,80238068.22,3135,2299,3461,3366,319,6262,4383,2455,215665.376,3623602.432,665894.944,82672.848,380264.944
Waihou-Piako,David-1,10,986968079,1053464498,-66496419,43323964.74,3393,2509,3730,3549,319,6152,4585,2363,120895.36,3446386.512,608540.8,77946.544,346694.384
Rangitaiki,Evan-W-1,0,1219739482,1023917439,195822043,297226446.7,770,144,468,923,69,5140,9911,3264,-1075094.624,3758278.256,1453677.312,116735.6,572050.848
Rangitaiki,Evan-W-1,1,1219198903,1023045231,196153672,344102363.9,756,144,676,909,96,5091,9944,3253,-1072579.952,3765695.2,1453994.944,116636.016,573300.016
Rangitaiki,Evan-W-1,2,1216213290,1020302769,195910521,313704759.9,743,138,1690,902,101,5022,10039,3222,-1088979.072,3743153.552,1426687.168,115973.424,568810.816
Rangitaiki,Evan-W-1,3,1212469361,1017217264,195252097,247791912.1,736,135,2510,897,105,4994,10077,3208,-1128985.616,3699907.376,1390447.808,113522.096,558408.976
Rangitaiki,Evan-W-1,4,1211015749,1016798065,194217684,272438783.7,717,135,2986,897,105,5028,10039,3212,-1145604.464,3693524.432,1348894.8,111218.992,550773.2
Rangitaiki,Evan-W-1,5,1211409674,1016389643,195020031,206035598.6,717,135,3460,896,101,5016,10037,3230,-1134307.984,3705570.224,1337766.736,110845.408,551277.216
Rangitaiki,Evan-W-1,6,1209996138,1015625454,194370684,229228801.9,694,134,3865,885,112,4973,10102,3197,-1141193.008,3705658.304,1311704.736,109642.128,548560.176
Rangitaiki,Evan-W-1,7,1206926776,1014415853,192510923,592052224.6,694,134,3964,885,117,4951,10097,3219,-1162969.76,3683739.664,1271075.168,108293.568,542392.544
Rangitaiki,Evan-W-1,8,1205720067,1012128706,193591361,512955469.3,686,134,4067,881,117,4916,10140,3211,-1165360.832,3672299.376,1266954.848,108046.64,542364.928
Rangitaiki,Evan-W-1,9,1203062274,1011114006,191948268,487644284.2,686,134,4190,878,132,4879,10147,3226,-1181278.8,3653389.968,1256277.488,107524.72,538708.432
Rangitaiki,Evan-W-1,10,1200253737,1007130301,193123436,213355482.7,680,134,4326,876,127,4858,10135,3264,-1187109.632,3640488.048,1248992.496,107058.768,536769.76
Rangitaiki,Evan-W-2,0,1219739482,1023917439,195822043,297226446.7,770,144,468,923,69,5140,9911,3264,-1075094.624,3758278.256,1453677.312,116735.6,572050.848
Rangitaiki,Evan-W-2,1,1219836737,1023053260,196783477,346170721.8,1389,762,1613,1915,66,5120,9963,3235,-1072825.552,3756507.792,1455906.32,116680,572707.856
Rangitaiki,Evan-W-2,2,1213720981,1022650121,191070860,306038547.5,2072,1196,1830,2697,61,5064,10030,3229,-1103125.968,3390573.36,1274166.32,103444.672,486465.168
Rangitaiki,Evan-W-2,3,1208467826,1019086902,189380924,292413093.2,2427,1900,2395,3076,61,5037,10013,3273,-1137027.84,3106942.192,1184900.384,94908.704,432312.864
Rangitaiki,Evan-W-2,4,1204173341,1017777091,186396250,337435796.1,3158,1983,2744,3456,66,4940,10044,3334,-1144774.112,3002131.6,1143752,91588.176,399371.056
Rangitaiki,Evan-W-2,5,1194115266,1011278413,182836853,270332086.6,3740,2060,2995,5217,61,4932,10061,3330,-1168094.8,2892302.24,1075193.808,87374.8,367564.064
Rangitaiki,Evan-W-2,6,1189892683,1011932062,177960621,196202909.4,4334,2799,5011,5977,69,4906,10139,3270,-1188156.304,2600442.448,822725.408,77835.888,300479.376
Rangitaiki,Evan-W-2,7,1187539415,1013230438,174308977,211091449,6120,3350,5936,6711,69,4888,10180,3247,-1230275.504,2372140.128,725303.44,70407.328,264603.312
Rangitaiki,Evan-W-2,8,1183368179,1012724477,170643702,195371909.3,6315,4387,6550,6840,65,4885,10192,3242,-1256612.272,2106706.224,643079.44,60174.816,206615.536
Rangitaiki,Evan-W-2,9,1181346394,1012709668,168636726,322292716.8,6397,4465,6692,6891,54,4813,10251,3266,-1264500.784,2070188.736,617193.984,58814.512,179473.408
Rangitaiki,Evan-W-2,10,1176582165,1008991414,167590751,285503989.1,6441,4489,7371,6935,47,4779,10355,3203,-1290435.408,2011897.952,617787.072,57976.288,176253.92
Waihou-Piako,Frances-S-1,0,1414593156,1196753149,217840007,438849399.1,1341,927,1238,1150,184,9078,1068,3089,1379198.72,5756559.44,1153051.696,134346.016,726296.928
Waihou-Piako,Frances-S-1,1,1414566849,1196034400,218532449,590014628.7,1558,1041,1378,1290,203,8962,1199,3055,1379322.928,5752943.904,1153386.272,134123.216,726730.848
Waihou-Piako,Frances-S-1,2,1405305741,1189846167,215459574,591332646.5,1735,1155,1524,1415,226,8745,1410,3038,1326801.168,5639946.944,1111413.232,130729.008,701710.656
Waihou-Piako,Frances-S-1,3,1390800569,1176666315,214134254,581592644,1789,1248,1680,1533,214,8618,1583,3004,1242757.632,5491722.624,1077184.272,126574.112,671692.88
Waihou-Piako,Frances-S-1,4,1382536511,1172047901,210488610,524154974.7,1961,1309,1831,1712,225,8491,1713,2990,1180947.776,5363170.976,1045447.248,123733.168,652290.64
Waihou-Piako,Frances-S-1,5,1373656783,1164032254,209624529,462165813,2122,1381,1918,1883,240,8331,1914,2934,1133036.624,5237352.96,1014477.648,120081.872,630508.64
Waihou-Piako,Frances-S-1,6,1365162013,1157001354,208160659,460856317.2,2277,1448,2022,2008,248,8202,2068,2901,1058267.232,5097420.784,975377.68,116255.264,604852.528
Waihou-Piako,Frances-S-1,7,1356875242,1151079794,205795448,456010354.6,2427,1498,2155,2190,249,8106,2166,2898,1003162.88,4979409.088,950001.888,113374.88,584630.72
Waihou-Piako,Frances-S-1,8,1349201077,1145934369,203266708,454255888.9,2559,1609,2286,2267,252,7981,2291,2895,965106.464,4867071.392,920906.912,109997.216,564550.784
Waihou-Piako,Frances-S-1,9,1339283121,1138005319,201277802,450245874.2,2697,1664,2436,2365,260,7909,2394,2856,914374.72,4764065.312,898854.384,107392.592,546242.624
Waihou-Piako,Frances-S-1,10,1334541172,1135461947,199079225,437365692.6,2849,1718,2611,2541,270,7826,2466,2857,877249.008,4688095.904,874538.464,104984.48,532276.72
Waihou-Piako,Frank-1,0,1414664765,1196543938,218120827,413244448.4,1332,840,1219,1267,184,9078,1068,3089,1379504.32,5738137.52,1133321.152,133573.856,724425.824
Waihou-Piako,Frank-1,1,1415012463,1194857041,220155422,560640553.8,1860,1151,1585,1725,206,8779,1381,3053,1378374.128,5738409.504,1133327.776,133512.24,723826.432
Waihou-Piako,Frank-1,2,1390657096,1177825580,212831516,549304350.3,2344,1467,2141,2103,241,8465,1715,2998,1251325.136,5423766.128,1040431.968,123858.144,657997.456
Waihou-Piako,Frank-1,3,1335216823,1162350433,172866390,501901932.4,2744,1744,2557,2414,276,8194,1965,2984,1121181.136,5135508.688,924721.408,115041.696,596011.968
Waihou-Piako,Frank-1,4,1280786163,1146457978,134328185,409583634.5,3040,1995,2871,2674,296,7906,2244,2973,1016169.616,4892348.096,858139.008,107787.136,545201.76
Waihou-Piako,Frank-1,5,1227868425,1129446113,98422312,290446797.6,3267,2233,3215,2893,283,7647,2585,2904,904182.48,4640534.896,803937.504,101567.872,504197.536
Waihou-Piako,Frank-1,6,1178266081,1115534359,62731722,222587496.8,3514,2377,3495,3131,291,7413,2901,2814,777679.184,4408514.144,758580.976,95769.856,466558.832
Waihou-Piako,Frank-1,7,1132538613,1105601330,26937283,171045441.5,3753,2449,3739,3365,290,7143,3224,2762,666820.016,4188599.536,701739.28,89963.824,430011.28
Waihou-Piako,Frank-1,8,1085865422,1092499390,-6633968,104632790.7,3975,2564,4057,3610,300,6984,3388,2747,547729.68,3947337.936,653457.44,84317.76,396118.16
Waihou-Piako,Frank-1,9,1044870531,1083969197,-39098666,68464270.2,4316,2777,4373,3895,297,6931,3486,2705,488012.976,3805054.848,607029.472,80324.464,371339.712
Waihou-Piako,Frank-1,10,1010328788,1083244914,-72916126,29849983.54,4669,2996,4745,4230,309,6877,3530,2703,448818.224,3681318.224,562058.288,76240.336,343859.92
Waihou-Piako,Jess-C-1,0,1414891944,1196569027,218322917,429801521.3,1380,929,1215,1205,184,9078,1068,3089,1378806.736,5736880.704,1156728.96,133496.304,724424.176
Waihou-Piako,Jess-C-1,1,1413841869,1195837842,218004027,554707044.1,1961,1228,1757,1745,223,8712,1439,3045,1377926.112,5737811.488,1157709.648,133377.616,725014.976
Waihou-Piako,Jess-C-1,2,1386093843,1174721353,211372490,588127377,2364,1591,2244,2222,221,8434,1791,2973,1226183.632,5368853.824,1019725.584,122036.064,648321.552
Waihou-Piako,Jess-C-1,3,1401520613,1161597017,239923596,576288844.1,2896,1851,2628,2710,237,8154,2057,2971,1097574.288,5047221.088,905954.112,112729.424,583503.952
Waihou-Piako,Jess-C-1,4,1411828195,1144264922,267563273,541793230.6,3398,2125,3155,3219,258,7961,2224,2976,985641.216,4758451.312,817122.704,104153.616,526308.736
Waihou-Piako,Jess-C-1,5,1427571328,1133712219,293859109,555226558,3907,2472,3660,3605,275,7799,2396,2949,914072.4,4498487.648,741418.592,96549.024,475370.256
Waihou-Piako,Jess-C-1,6,1445732574,1123321553,322411021,599390789.9,4257,2729,4084,4028,281,7687,2500,2951,838011.488,4293593.104,659281.84,89741.552,429593.312
Waihou-Piako,Jess-C-1,7,1467591335,1117961133,349630202,679739280.1,4588,2966,4505,4324,314,7520,2693,2892,792416.736,4102760.32,611127.296,84396.752,397285.488
Waihou-Piako,Jess-C-1,8,1486977679,1108885472,378092207,740687439.4,4860,3211,4843,4622,320,7391,2825,2883,714260.8,3922119.248,565335.696,79319.2,365457.472
Waihou-Piako,Jess-C-1,9,1507368807,1102455401,404913406,867659037,5081,3438,5099,4932,338,7214,2970,2897,659672.336,3757619.504,534134.256,74960.32,339317.872
Waihou-Piako,Jess-C-1,10,1522348924,1090750979,431597945,898502845.2,5251,3648,5359,5152,333,7042,3186,2858,596149.024,3594536.432,501712.896,71147.696,314507.44
Waihou-Piako,Mary-W-1,0,1414664765,1196543938,218120827,440292369.1,1332,840,1219,1267,184,9078,1068,3089,1379504.32,5738137.52,1133321.152,133573.856,724425.824
Waihou-Piako,Mary-W-1,1,1415115614,1195265376,219850238,590269550.7,2336,1423,1953,2037,187,8733,1442,3057,1378298.992,5732774.032,1133921.552,133557.568,725271.248
Waihou-Piako,Mary-W-1,2,1386604682,1176639332,209965350,600884330.5,3235,1841,2895,2955,215,8392,1807,3005,1223715.312,5286003.616,964853.6,118281.664,619819.712
Waihou-Piako,Mary-W-1,3,1357855815,1158112575,199743240,574137378.6,4239,2405,3825,3834,245,8139,2070,2965,1071865.008,4820559.664,809364.08,103918.768,527937.504
Waihou-Piako,Mary-W-1,4,1337273895,1145280962,191992933,502859832.3,5017,3047,4709,4553,257,7929,2307,2926,955292.208,4422859.936,681774.896,91304.144,447208.032
Waihou-Piako,Mary-W-1,5,1318228709,1133222251,185006458,464448280.4,5781,3628,5612,5273,274,7739,2490,2916,855418.112,4065555.504,592604.032,80951.872,384798.08
Waihou-Piako,Mary-W-1,6,1301658400,1122627120,179031280,438733518.9,6447,4250,6429,5996,280,7587,2712,2840,770304.016,3738375.008,507099.824,71810.352,327400.896
Waihou-Piako,Mary-W-1,7,1288566067,1116522812,172043255,430859683.3,7074,4689,6967,6817,312,7424,2869,2814,680159.28,3408517.376,442228.912,63410.608,279205.152
Waihou-Piako,Mary-W-1,8,1275749251,1106939499,168809752,421226603.4,7577,5083,7513,7440,313,7286,3048,2772,608325.84,3100609.904,389344.176,55935.456,235999.536
Waihou-Piako,Mary-W-1,9,1262835055,1100141447,162693608,432389848.7,7936,5401,7968,7747,319,7089,3268,2743,534922.08,2858423.744,344358.336,50527.92,202629.136
Waihou-Piako,Mary-W-1,10,1249473477,1090142974,159330503,443291167,8127,5655,8137,8057,336,6860,3523,2700,452370.016,2669867.056,318335.808,46509.424,177378.72
Waihou-Piako,Suzie-G-1,0,1414664765,1196543938,218120827,413244448.4,1332,840,1219,1267,184,9078,1068,3089,1379504.32,5738137.52,1133321.152,133573.856,724425.824
Waihou-Piako,Suzie-G-1,1,1415192110,1196921504,218270606,590079867.4,1474,908,1376,1386,190,8932,1266,3031,1378285.024,5738001.536,1133519.984,133627.248,724713.872
Waihou-Piako,Suzie-G-1,2,1403622821,1188125093,215497728,565885731.5,1626,984,1572,1479,212,8745,1469,2993,1307167.792,5613648.432,1092894.864,129797.072,699287.84
Waihou-Piako,Suzie-G-1,3,1391209081,1177103684,214105397,506976307.4,1781,1107,1738,1633,216,8645,1611,2947,1225767.744,5482916.64,1050074.048,126420.672,674456.768
Waihou-Piako,Suzie-G-1,4,1385937613,1173395164,212542449,461351690.1,1977,1196,1923,1771,232,8520,1745,2922,1175919.136,5370190.64,1008580.624,123074.944,649748.448
Waihou-Piako,Suzie-G-1,5,1376839392,1167417761,209421631,460456720,2114,1305,2155,1896,238,8446,1827,2908,1125113.232,5250843.968,967954.64,119565.216,626493.424
Waihou-Piako,Suzie-G-1,6,1371436604,1162690701,208745903,431578456,2245,1384,2340,2038,260,8325,1943,2891,1090574.272,5174692.848,934655.632,116972.608,608389.136
Waihou-Piako,Suzie-G-1,7,1361554884,1155044240,206510644,435332068.7,2395,1429,2454,2203,274,8248,2022,2875,1046359.056,5083801.808,902519.296,114331.184,590311.088
Waihou-Piako,Suzie-G-1,8,1355262686,1151420597,203842089,423141503.9,2596,1508,2590,2358,302,8117,2161,2839,1010416.528,4991132.016,873878.416,111611.472,572211.136
Waihou-Piako,Suzie-G-1,9,1345506977,1143193748,202313229,436476890.8,2709,1618,2679,2437,300,8031,2307,2781,954850.048,4876337.792,840212.144,108158.528,549414.576
Waihou-Piako,Suzie-G-1,10,1340780501,1138948001,201832500,429356522.4,2872,1669,2812,2601,312,7979,2394,2734,904996.272,4796892.832,819612.224,105838.096,532439.744
Waihou-Piako,Suzie-G-2,0,1414273500,1197556929,216716571,421112748.5,1349,895,1298,1138,184,9078,1068,3089,1379680.96,5752408.496,1145648.416,133989.696,728086.432
Waihou-Piako,Suzie-G-2,1,1413330561,1195317883,218012678,587951096.6,1812,1178,1724,1418,184,9078,1068,3089,1378430.816,5752918.24,1145819.536,133865.952,728092.016
Waihou-Piako,Suzie-G-2,2,1411541253,1196703069,214838184,581447119.8,2230,1398,2418,1833,184,9078,1068,3089,1369384.624,5647366.864,1073221.52,128769.264,692614.592
Waihou-Piako,Suzie-G-2,3,1408461734,1196741940,211719794,547355599.8,2660,1693,2838,2269,184,9078,1068,3089,1360151.344,5525102.448,986401.28,123027.552,655913.632
Waihou-Piako,Suzie-G-2,4,1407295257,1196102280,211192977,491698814.7,3066,2014,3435,2643,184,9078,1068,3089,1354456.24,5403716.432,906828.72,117941.84,619770.688
Waihou-Piako,Suzie-G-2,5,1404240135,1196922571,207317564,437498299.7,3564,2356,3910,3076,184,9078,1068,3089,1345051.616,5291478.128,839998.56,112912.048,587580.864
Waihou-Piako,Suzie-G-2,6,1402218859,1196282030,205936829,456492420.6,4002,2714,4455,3560,184,9078,1068,3089,1334765.456,5149184.256,787540.752,107580.576,553319.296
Waihou-Piako,Suzie-G-2,7,1399370493,1197591754,201778739,431854692.1,4451,3121,4984,4122,184,9078,1068,3089,1326703.536,5013874,725848.352,102618.592,520257.632
Waihou-Piako,Suzie-G-2,8,1395151393,1196932146,198219247,448589207.5,4873,3477,5401,4672,184,9078,1068,3089,1317698.464,4837182.528,665187.728,96718.688,482613.872
Waihou-Piako,Suzie-G-2,9,1392556062,1196989991,195566071,446105751.7,5472,3825,5888,5196,184,9078,1068,3089,1308136.816,4664114.736,608921.904,91100.256,448617.056
Waihou-Piako,Suzie-G-2,10,1389083283,1197884628,191198655,474758144.4,5962,4143,6410,5678,184,9078,1068,3089,1296944.768,4509463.696,554666.8,85742.064,415645.808
Waihou-Piako,Suzie-G-3,0,1414273500,1197556929,216716571,401000000,1349,895,1298,1138,184,9078,1068,3089,1379680.96,5752408.496,1145648.416,133989.696,728086.432
Waihou-Piako,Suzie-G-3,1,1414118753,1196435642,217683111,519000000,1892,1185,1860,1569,184,9078,1068,3089,1381428.176,5750328.912,1146375.232,133831.264,727582.72
Waihou-Piako,Suzie-G-3,2,1410808597,1195735713,215072884,580000000,2309,1466,2379,2044,184,9078,1068,3089,1368989.584,5602088.512,1048813.472,127279.024,682708.304
Waihou-Piako,Suzie-G-3,3,1409657245,1196128840,213528405,591000000,2769,1832,2870,2404,184,9078,1068,3089,1360913.44,5462173.488,969077.376,121519.248,646105.776
Waihou-Piako,Suzie-G-3,4,1405448073,1196374555,209073518,516000000,3312,2119,3347,2921,184,9078,1068,3089,1351046.144,5355439.392,907026.352,116302.336,610582.432
Waihou-Piako,Suzie-G-3,5,1403820327,1197293976,206526351,490000000,3820,2505,3811,3284,184,9078,1068,3089,1340349.184,5201432.752,831725.664,110100.176,570547.04
Waihou-Piako,Suzie-G-3,6,1399118171,1196697537,202420634,515000000,4232,2784,4241,3778,184,9078,1068,3089,1332135.456,5073852.032,772206.576,105205.216,537905.872
Waihou-Piako,Suzie-G-3,7,1397194297,1195659168,201535129,512000000,4690,3060,4745,4278,184,9078,1068,3089,1324222.304,4928599.216,711136.48,100283.536,506116.736
Waihou-Piako,Suzie-G-3,8,1394589664,1197207508,197382156,482000000,5228,3450,5193,4684,184,9078,1068,3089,1315636.944,4787581.792,648302.416,94992.656,473760.592
Waihou-Piako,Suzie-G-3,9,1393302709,1197397047,195905662,471000000,5643,3701,5619,5091,184,9078,1068,3089,1306156.976,4651602.4,601704.976,90265.504,442588.848
Waihou-Piako,Suzie-G-3,10,1389109461,1197598210,191511251,442000000,6026,3993,6114,5532,184,9078,1068,3089,1299929.216,4532653.68,565889.2,86273.616,420851.952
