from,to
27427,26864
27816,26864
27970,26864
26865,26997
27245,26865
27806,26865
27912,26865
26865,28025
26865,28146
26865,28188
26865,28243
26866,27007
26866,27224
26866,27472
27521,26866
27885,26866
26866,27902
28087,26866
28455,26866
26866,28522
26867,27529
26867,27619
26867,27690
27817,26867
28491,26867
26867,28664
26868,26943
27018,26868
27340,26868
27550,26868
27697,26868
27956,26868
28476,26868
26868,28550
26869,27030
26869,27454
27923,26869
26869,28532
26907,26870
26870,27116
27142,26870
28213,26870
26870,28418
27492,26871
26871,27951
26871,28147
26871,28601
26871,28695
27123,26872
27305,26872
26872,27358
26872,28091
28395,26872
27127,26873
26873,27403
26873,27438
28016,26873
26873,28153
26873,28626
26873,28662
26900,26874
26874,27004
27692,26874
27979,26874
28073,26874
28405,26874
27002,26875
27158,26875
26875,27335
28411,26875
26875,28499
26876,26911
26876,26941
26876,27150
27334,26876
27506,26876
27766,26876
28472,26876
26913,26877
26877,27684
26877,28180
26877,28430
26878,27258
27439,26878
26878,28230
26878,28673
26878,28679
26879,26956
26879,27010
26879,27356
27447,26879
27571,26879
28198,26879
26906,26880
26880,26928
26880,26930
26880,26948
27104,26880
26880,27141
27167,26880
26880,27713
26880,28177
26881,27174
26881,27476
26881,27521
28503,26881
28621,26881
28640,26881
28651,26881
27043,26882
26882,27602
27801,26882
28131,26882
28235,26882
28412,26882
28485,26882
26882,28532
26883,28039
28177,26883
28387,26883
28536,26883
26883,28561
27228,26884
26884,27306
28215,26884
28238,26884
26885,27453
26885,27690
28088,26885
26885,28281
26885,28400
28534,26885
26944,26886
27081,26886
27736,26886
26886,27773
26886,27927
26886,28125
28581,26886
27168,26887
27458,26887
26887,27922
26887,28134
28390,26887
27475,26888
27494,26888
28039,26888
26888,28678
26889,26913
27061,26889
27267,26889
27566,26889
27581,26889
26889,28430
28541,26889
26890,27112
26890,27639
26890,27753
26891,27207
26891,27402
28103,26891
28270,26891
28362,26891
27037,26892
27331,26892
26892,27333
26892,28308
26892,28567
26893,27304
26893,27884
26893,28290
28474,26893
26893,28487
28539,26893
27001,26894
27195,26894
26894,27822
26894,28461
28520,26894
26895,27075
26895,27424
27663,26895
26895,27782
28461,26895
28687,26895
26896,27150
27154,26896
26896,27334
26896,27362
27508,26896
26896,27932
26896,28472
26897,27483
26897,27594
27988,26897
28172,26897
26897,28612
26989,26898
27448,26898
27708,26898
28554,26898
26899,27292
26899,27671
26899,28032
26899,28199
26899,28654
27004,26900
27038,26900
26900,27098
27226,26900
27444,26900
27525,26900
27403,26901
28496,26901
26901,28534
26901,28724
26902,27561
27740,26902
26902,27980
28243,26902
28422,26902
27449,26903
26903,27804
26903,27985
27633,26904
27937,26904
26904,28170
28318,26904
28679,26904
26905,26998
27091,26905
27108,26905
26905,27178
27459,26905
28716,26905
26930,26906
27008,26906
27104,26906
27268,26906
27630,26906
26906,28376
26907,27116
27507,26907
26907,27932
26907,28213
27425,26908
27445,26908
26908,27813
27985,26908
28126,26908
26908,28503
26908,28683
27356,26909
26909,27495
26909,27571
26909,28198
26910,27643
26910,28365
26910,28436
27334,26911
27506,26911
26911,27508
26911,27639
28722,26911
26912,27997
28582,26912
26912,28629
26933,26913
27054,26913
27366,26913
26913,27814
28453,26913
26924,26914
26914,26987
26914,27949
26914,28224
26914,28384
26914,28708
26915,27158
27186,26915
26915,27505
26915,27722
28050,26915
26915,28129
26916,27093
27348,26916
27828,26916
26916,27994
26916,28261
26916,28340
26916,28543
26916,28706
26917,27179
26917,27607
26917,27719
26917,28279
26917,28656
27330,26918
27963,26918
28294,26918
26918,28470
26918,28482
26919,27171
26919,27191
26919,27395
26919,27408
26919,27520
27608,26919
27738,26919
26919,27830
26919,28620
26920,26960
26920,26986
27708,26920
26920,27783
27891,26920
27966,26920
26921,26930
27065,26921
26921,27712
28397,26921
28667,26921
26922,27011
26922,27635
27709,26922
26922,28164
26922,28644
26923,27151
27468,26923
26923,27481
27721,26923
26924,27093
26924,27503
27949,26924
26924,28057
26924,28384
27359,26925
26925,27781
26925,27928
28310,26925
27106,26926
27199,26926
27482,26926
26926,27636
26926,27673
26926,28181
28264,26926
26927,27321
28036,26927
28223,26927
28321,26927
28454,26927
26928,28387
28561,26928
28667,26928
27237,26929
27411,26929
28080,26929
28203,26929
26929,28591
26929,28632
26929,28684
27008,26930
26930,27713
26930,28397
28667,26930
27795,26931
26931,27805
26931,27809
28373,26931
28666,26931
27044,26932
26932,27136
26932,27505
27722,26932
26932,28506
27964,26933
28430,26933
26933,28453
28509,26933
27301,26934
27455,26934
26934,27469
26934,28118
28716,26934
27047,26935
26935,27220
27298,26935
26935,27684
26935,27762
28510,26935
26937,26936
26936,27058
26936,27677
27180,26937
28031,26937
26937,28071
26937,28307
26938,27106
27341,26938
27470,26938
27651,26938
27961,26938
26938,28355
28475,26938
26938,28711
26939,27035
26939,27549
26939,27589
26939,28265
26939,28714
27248,26940
26940,27453
27627,26940
28624,26940
26941,27116
27142,26941
27506,26941
27508,26941
26941,27731
26941,28157
28514,26941
26941,28722
27465,26942
26942,27555
26942,27659
27778,26942
27951,26942
28306,26942
26972,26943
26943,27018
28108,26943
26943,28250
26944,26974
26944,27140
26944,27736
28660,26944
26945,27347
26945,27367
26945,27496
26945,28004
26945,28130
28542,26945
26945,28625
28652,26945
26945,28705
26946,27040
26946,28242
28445,26946
26946,28464
26947,27034
27315,26947
26947,28080
26948,26967
26948,27190
27945,26948
26948,28207
28426,26948
27148,26949
27549,26949
27836,26949
26949,27967
28045,26949
28237,26949
26949,28413
28714,26949
27129,26950
26950,27184
27465,26950
28559,26950
28646,26950
28686,26950
26951,27508
26951,27766
26951,27968
28157,26951
26952,27436
26952,27818
27883,26952
28495,26952
28687,26952
27605,26953
27969,26953
26953,28110
26953,28451
28060,26954
26954,28419
28433,26954
27046,26955
26955,27263
26955,27516
26955,27733
27745,26955
27819,26955
28175,26955
27495,26956
28149,26956
26956,28340
27287,26957
27378,26957
27872,26957
28267,26957
28404,26957
28428,26957
26958,27604
26958,27757
28016,26958
26958,28662
26959,27103
26959,27576
27601,26959
28644,26959
26960,27468
27708,26960
27942,26960
27958,26960
26961,27193
27372,26961
27481,26961
26961,27721
26961,27843
26961,28109
28219,26961
28548,26961
26962,27037
27380,26962
27626,26962
28116,26962
28232,26962
28560,26962
26984,26963
27659,26963
26963,27853
26963,27989
26963,28251
26963,28508
27094,26964
26964,27663
27771,26964
26964,28136
26964,28427
28461,26964
26965,27182
27603,26965
26965,27853
26965,28303
26966,27218
27230,26966
27635,26966
26966,27697
26966,27953
26966,28192
27945,26967
28012,26967
26967,28353
26967,28478
26968,27305
26968,27456
26968,28005
26968,28093
26968,28276
28526,26968
26969,27288
27580,26969
26969,27747
27876,26969
26969,28138
28225,26969
26969,28351
27014,26970
26970,27282
27622,26970
26970,27682
28037,26970
26971,27544
26971,27658
27685,26971
26971,28078
26971,28100
26971,28204
26971,28609
26972,27697
27916,26972
28214,26972
26973,26993
27802,26973
26973,28027
26973,28316
28611,26973
27238,26974
27518,26974
27701,26974
28125,26974
26975,27061
26975,27267
27398,26975
27581,26975
26975,28541
27582,26976
26976,27774
27808,26976
26976,28189
26976,28713
27097,26977
26977,27333
26977,27491
27514,26977
26977,27694
27727,26977
28056,26977
28415,26977
28567,26977
28617,26977
27175,26978
27427,26978
26978,27487
27503,26978
26978,27959
26978,28011
26978,28227
26979,27561
27573,26979
26979,27881
27939,26979
28290,26979
28562,26979
26980,27033
27036,26980
27767,26980
27832,26980
28442,26980
27043,26981
28038,26981
28217,26981
26981,28456
28485,26981
28689,26981
27982,26982
28283,26982
26982,28355
28359,26982
26982,28605
28619,26982
26983,27167
26983,27255
26983,28039
28207,26983
28387,26983
26983,28536
26984,27590
26984,27853
27934,26984
28020,26984
26984,28132
28360,26984
27030,26985
27227,26985
27547,26985
28158,26985
26986,27286
26986,27685
27779,26986
26986,27783
26986,27947
26986,28009
26987,27593
26987,27692
28334,26987
28708,26987
27265,26988
26988,27419
28141,26988
28247,26988
26988,28669
27489,26989
26989,27891
26989,28343
26989,28703
27247,26990
26990,27829
28294,26990
28482,26990
28573,26990
26990,28595
27156,26991
27413,26991
27521,26991
27598,26991
26992,27170
27862,26992
27873,26992
26992,27887
28094,26992
28623,26992
28682,26992
27173,26993
27236,26993
27243,26993
26993,27261
26993,27317
27837,26993
28027,26993
26993,28135
26993,28611
26994,27105
26994,27535
27679,26994
27735,26994
26994,27996
28042,26994
27136,26995
27283,26995
27410,26995
26995,27579
26995,28506
26996,27017
26996,27153
26996,27431
26996,27462
26996,28091
28431,26996
27130,26997
27370,26997
27428,26997
26997,27624
26997,27652
26997,28025
26997,28454
26997,28670
26998,27367
27459,26998
26998,27504
27681,26999
26999,27736
26999,27785
28113,26999
28721,26999
27357,27000
27000,27502
27000,28173
28206,27000
28478,27000
27094,27001
27592,27001
27668,27001
27744,27001
27001,27771
28495,27001
27223,27002
27612,27002
28589,27002
27003,27028
27003,27221
27781,27003
27003,28127
28231,27003
27098,27004
27004,27525
27004,27545
27661,27004
28719,27004
27390,27005
27005,27428
27652,27005
27980,27005
27005,28151
27005,28168
28321,27005
27005,28386
27006,27187
27006,27609
27006,27821
27967,27006
27006,27992
28237,27006
27006,28265
28556,27006
28642,27006
28672,27006
28702,27006
28714,27006
27007,27413
27729,27007
27007,27918
27007,28614
27073,27008
27856,27008
27009,27072
27009,27626
27643,27009
28346,27009
28515,27009
27009,28662
27231,27010
27447,27010
27010,27495
27103,27011
27011,28226
28644,27011
27012,27568
28098,27012
28159,27012
27012,28470
27071,27013
27013,27163
27406,27013
27424,27013
27014,27346
27014,27539
27014,27803
27014,27946
27014,27971
27014,28398
27014,28529
27015,27148
27700,27015
27836,27015
27015,27919
27015,28413
27015,28672
27248,27016
27714,27016
27016,27776
27016,28221
27016,28369
28400,27016
28422,27016
27016,28624
27323,27017
28431,27017
27018,27916
28202,27018
28357,27018
28476,27018
28550,27018
27019,27421
27475,27019
27019,28070
27019,28479
28604,27019
27020,27119
27020,27133
27020,28136
28273,27020
27020,28274
28371,27020
27021,27536
27838,27021
27021,28162
28438,27021
27021,28503
27022,27451
27505,27022
27812,27022
28388,27022
28408,27022
27022,28648
27022,28671
27276,27023
27023,27292
27296,27023
27420,27023
27023,27839
28055,27023
28160,27023
28241,27023
27024,27092
27024,27371
27024,27512
27672,27024
27858,27024
27024,27881
27890,27024
27024,28333
28389,27024
27040,27025
27025,27294
27025,27357
27702,27025
27025,28555
27506,27026
28219,27026
28514,27026
27535,27027
27027,27648
27027,27913
27027,27996
27027,28002
27027,28631
28721,27027
27501,27028
27629,27028
27028,27944
27028,27976
27028,28070
28200,27028
28274,27028
27114,27029
27121,27029
27464,27029
27029,27835
27029,27951
27981,27029
27029,28469
28523,27029
28655,27029
27030,27426
27602,27030
27030,28278
27030,28647
27031,27797
27930,27031
27031,27990
27031,28376
27032,27824
27032,27943
28554,27032
27032,28709
27177,27033
27279,27033
27033,27404
27033,27507
27530,27033
28110,27033
28442,27033
28709,27033
27232,27034
27034,27523
27527,27034
27537,27034
27034,27686
27034,28460
27034,28564
27169,27035
27035,27589
27836,27035
28045,27035
28289,27035
27035,28519
27244,27036
27279,27036
27404,27036
27036,27766
27036,28350
28418,27036
27097,27037
27037,27107
27037,27389
27037,28068
27037,28560
28567,27037
28233,27038
27038,28261
28288,27038
28405,27038
27039,27405
27483,27039
27502,27039
27039,27512
27039,27645
27039,27669
28335,27039
27095,27040
27143,27040
27397,27040
27702,27040
28008,27040
28012,27040
27040,28182
27040,28445
27041,27393
27041,27555
27706,27041
28115,27041
28154,27041
28163,27041
27041,28549
28601,27041
27138,27042
27042,27393
27492,27042
27931,27042
27042,28034
27139,27043
27325,27043
28260,27043
28485,27043
27083,27044
27044,27505
27044,28041
27044,28408
27044,28594
27045,27109
27168,27045
27297,27045
27922,27045
27045,28055
27045,28160
27046,27516
27046,27763
27789,27046
27046,27896
27082,27047
27047,27298
27581,27047
27047,28504
27169,27048
27971,27048
27048,27987
27048,28023
27048,28043
27048,28129
27048,28165
28382,27048
27048,28589
27048,28659
27053,27049
27049,27316
27049,27363
27049,27416
27049,28268
27361,27050
27050,27575
27823,27050
27050,27870
27050,28000
27098,27051
27051,27226
27051,27545
27051,27671
27051,27979
27051,28405
27051,28719
27127,27052
27940,27052
27052,28156
27052,28592
28662,27052
27053,27137
27316,27053
27053,27363
27053,27552
27814,27053
27053,27964
27053,28268
27053,28509
27054,27366
27845,27054
28180,27054
27055,27164
27055,27207
27055,27641
27739,27055
28114,27055
27055,28122
27055,28187
28428,27055
27055,28434
28496,27055
27056,27368
27785,27056
28465,27056
27056,28721
27109,27057
27188,27057
27057,27336
27057,27379
27999,27057
28160,27057
27057,28390
27222,27058
27269,27058
27536,27058
27058,27664
27058,27677
27058,28051
28415,27058
27059,27152
27059,27619
27690,27059
27861,27059
28088,27059
28196,27059
27059,28403
27059,28443
28496,27059
27059,28537
27175,27060
27330,27060
27413,27060
27487,27060
27060,27503
27061,27267
27398,27061
27566,27061
27061,27833
27061,28541
27476,27062
27062,28558
28599,27062
27062,28621
27361,27063
27559,27063
27063,28000
27063,28344
28650,27063
27528,27064
27788,27064
27064,27923
28278,27064
27628,27065
27065,27782
28397,27065
27066,27255
27560,27066
28039,27066
27066,28185
27275,27067
28031,27067
28307,27067
28629,27067
27068,27146
27068,27369
27068,27597
27671,27068
27820,27068
27068,28654
27069,27178
27069,27301
27069,27367
27459,27069
27069,27496
27440,27070
27070,27569
27070,27763
27070,27789
27070,27896
27070,27920
27070,28279
27071,27087
27071,27147
27195,27071
27071,27406
27071,27744
27071,28427
27072,27643
27686,27072
27757,27072
27072,28365
27073,27095
27104,27073
27073,27141
28182,27073
27074,27907
27966,27074
27074,27968
28665,27074
27075,27309
27424,27075
27075,27592
27744,27075
27075,28497
27305,27076
27358,27076
27978,27076
28001,27076
27076,28271
27076,28276
27586,27077
27077,27919
28364,27077
27077,28382
27077,28500
27078,27153
27078,27285
27078,27394
27078,27599
27078,27664
27840,27078
27078,27893
27078,27993
28022,27078
27079,27212
27079,27286
27079,27947
27079,28175
27079,28204
27079,28609
27482,27080
27080,27732
27755,27080
27080,27808
28239,27080
27080,28299
27544,27081
27081,27610
28042,27081
27081,28125
27081,28528
28581,27081
28603,27081
27081,28660
27134,27082
27256,27082
27762,27082
27498,27083
27764,27083
27083,28310
28506,27083
28513,27083
28587,27083
27084,27218
27230,27084
27484,27084
27084,27906
27084,27936
28663,27084
27085,27300
27085,27451
27085,28137
28310,27085
27085,28388
27160,27086
27653,27086
27086,27725
28367,27086
27087,27517
27087,27822
28070,27087
28377,27087
27087,28385
28511,27087
27224,27088
27088,27257
27747,27088
27088,27918
27088,28524
28563,27088
27089,27714
27089,27937
28161,27089
28502,27089
28577,27089
28634,27089
27569,27090
27583,27090
27734,27090
27090,27773
27927,27090
27582,27091
28215,27091
28287,27091
28441,27091
28580,27091
28639,27091
27092,27551
27092,27627
28064,27092
28562,27092
28569,27092
27092,28661
27093,27427
27892,27093
27093,27991
27093,28149
27094,27668
27094,27771
28349,27094
27143,27095
27176,27095
27095,27268
27798,27095
27095,28445
27153,27096
27307,27096
27096,27522
27632,27096
27677,27096
28026,27096
27096,28051
28085,27096
27202,27097
27826,27097
27097,28056
27097,28068
28071,27097
27098,27525
27098,28719
27099,27133
27139,27099
27099,27325
27099,28273
27099,28274
28553,27099
27100,27696
27100,27755
27796,27100
27928,27100
28337,27100
27100,28471
27100,28574
28587,27100
27308,27101
27101,27801
28511,27101
27102,27261
27509,27102
27102,27556
27102,28326
27102,28466
27102,28530
27984,27103
27103,28164
27103,28258
28284,27103
28437,27103
28712,27103
27141,27104
27397,27104
27990,27104
27105,27687
27105,27875
27105,28147
28319,27105
27105,28549
27636,27106
28283,27106
28286,27106
28337,27106
28604,27106
27331,27107
27380,27107
27107,27389
27643,27107
27107,28222
27107,28346
27110,27108
27170,27108
27339,27108
27347,27108
27108,27459
27108,27873
28352,27108
28705,27108
27109,27297
27109,27458
27716,27109
27109,27922
28074,27109
27109,28425
28507,27109
27339,27110
27110,27496
27110,28004
27110,28152
27111,27437
27111,27511
27111,27533
27564,27111
27973,27111
27111,28370
28666,27111
27112,27372
27112,27780
27924,27112
27112,28065
27112,28219
27185,27113
27815,27113
27113,28257
27113,28604
27711,27114
28601,27114
27115,27174
27460,27115
27632,27115
27737,27115
28697,27115
27116,27154
27362,27116
27116,27731
28157,27116
28213,27116
27223,27117
27821,27117
27905,27117
27967,27117
27117,28556
27938,27118
28293,27118
27118,28378
27118,28634
27119,27120
27221,27119
27119,27748
27119,27925
27944,27119
27119,28274
27198,27120
27615,27120
27120,27821
28053,27120
27121,28019
28044,27121
28154,27121
28407,27121
27122,27405
27669,27122
27122,27672
27890,27122
27962,27122
28300,27122
27123,27264
27123,28395
27167,27124
27471,27124
27713,27124
28397,27124
27125,27229
27237,27125
28203,27125
28632,27125
28649,27125
27125,28684
27204,27126
27126,27602
28260,27126
28532,27126
28689,27126
27127,28156
27171,27128
27128,27912
27980,27128
28195,27128
27129,27349
27129,28035
27129,28440
27129,28459
27129,28559
27360,27130
27130,27488
27130,27520
27130,27859
28454,27130
27130,28491
27826,27131
27131,27929
27131,27973
27131,28068
28255,27131
27131,28515
27132,27157
27132,28009
27132,28175
27579,27133
27133,27615
27657,27133
27977,27133
27134,27256
27298,27134
27134,27684
27793,27134
28510,27134
27135,27243
27487,27135
27135,27892
28513,27136
28636,27136
27137,27416
27137,28144
28509,27137
27138,27429
27931,27138
28034,27138
27308,27139
27926,27139
28131,27139
27139,28260
28485,27139
27140,27492
27140,27544
27140,27996
28528,27140
28631,27140
27201,27141
27797,27141
27945,27141
27141,28207
27141,28376
27141,28612
28467,27142
27201,27143
27143,27477
27553,27143
27143,27702
27143,28069
27143,28242
28464,27143
27445,27144
27144,28123
28315,27144
27144,28326
27144,28530
27144,28658
27189,27145
27422,27145
27145,27601
27145,28270
27597,27146
27146,28199
27146,28241
27146,28654
28676,27146
27147,27293
27147,27417
27628,27147
27744,27147
28046,27147
27147,28495
28687,27147
27612,27148
27148,27967
28704,27148
28714,27148
27149,27183
27313,27149
27149,27382
27586,27149
27971,27149
27149,28129
27334,27150
27506,27150
27193,27151
27151,28548
27152,27312
27619,27152
27861,27152
27152,28088
27152,28114
28196,27152
28312,27152
28423,27152
27153,27599
27153,27632
27153,27677
27154,27377
27154,27507
27154,27731
27154,28139
28363,27154
27155,27353
27155,27808
27155,28310
28372,27155
27155,28471
27156,27224
27156,27556
27156,28563
27156,28614
27263,27157
27516,27157
27157,27819
27157,28285
27335,27158
28041,27158
28499,27158
27159,27347
27159,27650
27159,28130
28152,27159
28638,27159
27534,27160
27160,27653
27160,27695
28457,27160
27371,27161
27161,27962
28172,27161
28173,27161
27161,28444
27162,27183
27162,27235
27162,27803
28037,27162
28075,27162
28136,27163
28295,27163
27163,28385
28494,27163
27164,27246
27326,27164
27164,28102
28331,27164
27164,28416
28481,27164
27165,27166
27165,28299
27165,28372
28471,27165
28574,27165
27165,28587
27289,27166
27166,27300
27808,27166
28186,27166
28256,27166
27167,27473
27724,27167
28185,27167
27167,28667
27922,27168
27999,27168
27169,27183
28075,27169
28382,27169
27170,27208
27455,27170
28152,27170
27170,28542
27170,28705
27171,27488
27171,27740
27171,27806
27171,28194
28600,27171
27172,27434
27873,27172
28094,27172
28191,27172
27172,28240
28623,27172
27172,28682
27173,27215
27741,27173
27173,27956
27173,28027
27173,28214
28680,27173
27242,27174
27174,27365
27578,27174
27747,27174
27174,28087
27175,27568
27175,27959
27175,27970
27175,28057
27175,28098
28323,27175
28361,27175
27176,27397
27553,27176
28376,27176
28464,27176
27767,27177
28128,27177
27177,28139
27178,27570
28352,27178
27179,27338
27179,27452
28279,27179
27179,28615
27179,28656
27180,27262
27485,27180
27180,27727
28415,27180
27181,27260
27181,27406
27181,27513
27181,28099
27182,27465
27182,27894
28646,27182
28686,27182
28692,27182
27183,27563
27183,28075
27184,27465
27674,27184
27184,27827
27850,27184
27894,27184
27184,28044
28686,27184
27501,27185
27185,27698
27185,27928
27185,28048
27185,28086
28127,27185
28181,27185
28231,27185
27185,28678
27186,27382
27186,27410
27722,27186
27186,28499
27187,27609
27967,27187
28237,27187
27187,28265
27188,27332
27188,27379
27188,27834
27839,27188
28570,27188
27402,27189
27439,27189
27189,27786
28103,27189
28167,27189
28275,27189
27189,28633
28207,27190
28353,27190
28359,27190
27529,27191
28443,27191
28538,27191
27192,27385
27192,27613
27192,27748
27192,27796
27192,28127
27192,28142
27192,28513
27193,27481
27193,27721
27193,28084
27193,28548
27327,27194
27403,27194
27194,27851
27194,28156
28356,27194
27194,28414
27194,28592
27260,27195
27195,27406
27513,27195
27822,27195
27195,28099
28269,27195
27196,27848
27196,27913
27196,27996
28002,27196
28020,27196
27393,27197
27197,27981
28078,27197
28163,27197
27197,28204
28552,27197
27198,27221
27198,27657
27198,28513
27199,27255
27199,27696
27199,27810
27199,27928
27199,28264
27199,28283
27199,28475
28678,27199
27284,27200
27200,27923
27200,28532
28618,27200
27200,28647
27201,27294
27397,27201
27201,27553
27702,27201
27201,28182
27201,28376
28612,27201
27202,27813
27202,27876
28031,27202
28307,27202
28415,27202
27203,27303
27203,27561
27714,27203
27203,27742
28036,27203
28726,27203
27204,27227
27204,27328
27609,27204
27204,27821
27204,28685
27205,27253
27284,27205
27637,27205
27205,28253
28278,27205
27205,28344
27206,27441
27206,27842
27946,27206
27207,27412
27207,27786
27207,28270
27208,27306
27208,27496
27504,27208
28716,27208
27470,27209
27743,27209
27209,28264
27209,28286
27305,27210
27210,27462
28001,27210
27210,28022
28091,27210
27210,28271
27210,28276
27210,28305
27210,28431
27242,27211
27211,27620
27747,27211
27211,28183
28325,27211
28690,27211
27212,27775
27212,28072
27212,28154
28703,27212
27391,27213
27213,27423
28184,27213
28210,27213
27213,28505
27214,27248
27214,27627
27655,27214
27214,27776
28422,27214
28486,27214
27214,28517
27214,28701
27463,27215
27215,27534
27550,27215
27215,27871
27916,27215
28457,27215
27216,27282
27216,27683
27216,27759
27216,27803
27216,27908
27216,28277
27216,28410
27281,27217
28076,27217
27217,28114
28196,27217
28302,27217
28356,27217
27546,27218
27646,27218
27709,27218
27218,27906
27936,27218
28250,27218
27352,27219
27219,27375
27219,27469
27705,27219
27812,27219
27866,27219
27219,28024
27219,28118
27219,28287
28448,27219
27219,28713
28121,27220
27220,28169
28643,27220
27221,27613
27221,27726
27221,28231
27221,28252
27269,27222
27522,27222
27580,27222
27222,28051
28126,27222
27223,27283
27589,27223
27223,27591
28519,27223
28556,27223
27224,27620
27224,27678
27224,27918
27603,27225
27225,27703
27827,27225
27225,27835
27981,27225
27225,28469
27226,28073
28288,27226
28432,27226
27226,28719
27547,27227
27602,27227
28049,27227
28465,27227
27228,28256
27228,28396
27228,28468
27600,27229
27229,27666
27229,28473
28535,27229
28710,27229
27484,27230
27230,27635
28047,27230
28061,27230
28202,27230
28663,27230
27356,27231
27231,27828
27949,27231
27231,28543
27232,28080
28649,27232
27233,27364
27666,27233
27233,28052
28060,27233
28419,27233
28433,27233
27734,27234
27234,27882
28113,27234
27234,28184
27234,28218
28544,27234
27235,27549
28045,27235
27235,28289
27236,27243
27892,27236
28227,27236
28029,27237
27237,28229
28419,27237
28591,27237
28681,27237
27388,27238
27773,27238
27238,28097
27238,28314
27238,28330
27238,28417
27407,27239
27239,27494
27239,27636
27811,27239
27928,27239
28264,27239
27239,28337
27699,27240
28399,27240
28476,27240
27240,28550
27240,28627
28680,27240
27241,27621
27241,27812
28089,27241
28141,27241
28641,27241
27476,27242
27242,27737
27747,27242
27243,27725
27900,27243
28117,27243
28135,27243
28263,27243
27244,27448
27541,27244
27245,27624
28151,27245
27245,28188
27246,28156
27246,28244
28373,27246
28416,27246
27247,27510
28512,27247
27247,28697
27675,27248
27921,27248
27249,27804
27249,28255
28383,27249
28518,27249
28590,27249
27249,28596
27250,27306
27352,27250
27250,27790
27250,28024
27250,28238
27250,28441
28468,27250
28545,27250
28580,27250
27251,27333
27251,27514
27526,27251
27251,27643
27694,27251
27251,28066
27251,28116
28617,27251
27252,27715
28197,27252
27252,28383
28401,27252
27252,28590
27284,27253
27823,27253
27253,28253
27253,28557
27254,27588
27870,27254
28000,27254
28020,27254
27254,28420
27255,27663
27255,28283
28678,27255
27256,27762
28336,27256
28643,27256
27598,27257
28087,27257
27257,28325
28563,27257
28607,27257
27258,27422
27258,27847
27984,27258
27258,28107
28230,27258
27258,28258
28712,27258
27417,27259
27259,27818
27259,27950
27259,28462
28501,27259
28585,27259
27513,27260
27260,27528
27801,27260
27260,28099
27261,27355
27261,27414
27556,27261
27261,27791
28540,27261
27262,27389
27262,27514
27727,27262
27262,28010
27516,27263
27543,27263
28723,27263
27358,27264
27264,27611
27765,27264
27264,27993
27577,27265
27957,27265
27265,28081
27265,28165
27265,28166
28240,27265
28247,27265
28610,27265
27413,27266
27266,27472
27509,27266
28272,27266
27266,28455
27398,27267
27581,27267
27267,27833
27268,27311
27542,27268
27268,27553
27798,27268
28572,27268
28586,27268
27269,27580
27269,27632
27269,28026
27514,27270
27270,27727
28309,27270
28415,27270
28567,27270
27404,27271
27541,27271
27271,27968
28546,27271
28554,27271
27272,27407
27652,27272
27272,27998
28095,27272
28146,27272
28637,27272
27381,27273
27273,27587
27273,27604
27718,27273
27273,27805
27273,28153
27273,28373
27273,28725
27896,27274
28176,27274
28279,27274
28314,27274
28602,27274
28656,27274
27275,27876
27275,28225
27275,28307
28383,27275
27276,27296
27723,27276
27276,27860
27955,27276
27277,27318
27361,27277
27637,27277
28000,27277
27277,28033
27277,28236
27277,28375
27322,27278
27550,27278
27802,27278
27278,28214
28622,27278
28680,27278
27448,27279
27279,27530
27279,27832
27279,28110
28440,27279
27280,27490
27579,27280
27926,27280
27280,28228
28556,27280
27281,27327
27396,27281
27281,27868
28062,27281
28208,27281
28356,27281
27282,27374
28083,27282
27283,27382
28045,27283
28171,27283
28237,27283
27283,28519
27283,28589
27283,28659
27637,27284
27284,28033
28236,27284
27284,28253
28493,27284
28647,27284
27285,27394
27664,27285
27677,27285
27285,27765
27285,28026
27685,27286
27286,28175
28609,27286
28122,27287
28374,27287
27287,28434
27288,27383
27288,27450
27288,27480
27623,27288
27813,27288
27985,27288
27812,27289
28471,27289
28641,27289
27289,28648
27587,27290
27718,27290
27290,28059
28102,27290
27889,27291
27291,28075
27291,28246
27291,28289
28589,27291
27986,27292
28032,27292
27292,28654
27628,27293
27744,27293
27782,27293
27293,28320
27293,28687
27357,27294
27294,27702
27930,27294
28555,27294
28675,27294
27779,27295
27295,27783
27819,27295
27296,27332
27296,27379
27336,27297
27723,27297
27297,27834
27297,28425
27297,28507
27298,27762
27972,27298
28104,27298
28347,27298
27299,27309
27299,27421
27299,27473
27299,27592
27698,27299
28257,27299
28494,27299
27299,28497
27854,27300
28137,27300
27300,28594
27339,27301
27301,27455
27570,27301
28130,27301
28338,27301
27301,28705
27302,27995
27302,28262
28421,27302
27302,28492
28640,27302
27303,28036
28243,27303
28539,27303
27337,27304
27304,27561
27304,28040
28562,27304
27304,28571
27305,27456
27831,27305
28395,27305
27720,27306
27306,28215
27306,28352
27306,28545
27450,27307
27580,27307
27307,27747
27838,27307
27307,28085
28183,27307
27307,28282
27308,27515
28273,27308
27308,28317
28412,27308
27308,28456
27976,27309
28200,27309
28231,27309
27348,27310
27356,27310
27571,27310
27310,27634
27642,27310
27828,27310
27310,27849
28149,27310
27311,27798
27311,27857
27311,28054
27311,28572
28586,27311
27312,27396
27446,27312
27312,28076
27312,28423
27971,27313
27313,27987
28075,27313
28129,27313
28289,27313
27314,27637
27788,27314
27314,27923
28253,27314
28618,27314
27315,27684
27315,27793
27315,27845
27972,27315
27315,28104
28121,27315
27315,28336
28144,27316
27316,28473
27317,27606
27317,27695
27317,27837
27317,28117
27318,27823
28493,27318
27318,28557
28650,27318
27319,27531
27919,27319
27992,27319
27319,28113
28220,27319
27319,28688
27320,27469
27320,27614
27974,27320
27320,28297
28448,27320
27321,27360
27321,28243
28600,27321
27322,27414
27322,27556
27606,27322
28027,27322
27322,28119
27322,28296
28547,27322
27322,28680
27456,27323
27510,27323
28093,27323
27323,28150
28599,27323
28697,27323
27356,27324
27324,27444
27324,27692
27324,27979
28233,27324
27654,27325
27325,28511
27584,27326
27794,27326
28292,27326
27326,28521
28725,27326
27327,27749
27327,27940
27327,28062
28592,27327
27992,27328
28313,27328
27328,28653
27328,28702
27329,27437
27329,27557
27329,27564
27329,27770
27997,27329
27329,28518
28582,27329
27472,27330
27625,27330
27959,27330
28159,27330
28224,27330
27331,27380
27331,28116
28308,27331
28346,27331
27331,28515
27332,27379
27834,27332
28055,27332
27491,27333
27554,27333
28056,27333
27333,28068
27334,27508
27505,27335
27335,27621
27335,27722
27335,28165
27335,28254
27336,27379
27336,27716
28507,27336
27519,27337
27337,27914
27337,27939
27391,27338
27338,27910
27338,28210
28410,27338
27338,28505
27338,28516
28615,27338
27339,28542
27904,27340
27340,28357
28399,27340
27340,28550
28622,27340
27341,27710
27341,27884
27341,27954
27341,28003
27341,28290
27463,27342
27342,27534
27653,27342
27342,27916
27500,27343
27856,27343
27343,28190
28668,27343
27438,27344
27344,27739
27749,27344
27861,27344
27935,27344
28062,27344
27344,28114
27345,27608
27965,27345
28311,27345
28374,27345
28496,27345
27374,27346
27346,27759
27346,27842
27346,28410
27347,27825
28004,27347
27347,28094
28130,27347
27444,27348
27348,27634
27348,27642
27849,27348
27348,28261
27348,28543
27349,27665
27349,27674
27969,27349
27349,28559
28630,27349
27350,27933
27963,27350
28421,27350
28488,27350
28573,27350
27350,28595
27351,27590
27648,27351
27711,27351
27875,27351
27975,27351
28014,27351
27352,27433
28151,27352
28256,27352
27352,28608
27352,28616
27353,27375
27353,27443
27353,27469
27353,27705
27774,27353
28256,27353
28565,27353
27693,27354
27354,28124
28212,27354
28360,27354
28597,27354
27354,28686
27540,27355
27898,27355
27953,27355
28296,27355
28547,27355
28715,27355
27447,27356
27356,27571
27634,27356
27356,27642
27356,28261
27356,28429
27357,27483
27357,27645
27357,27702
27988,27357
28012,27357
28675,27357
27978,27358
28271,27358
28395,27358
27482,27359
28471,27359
28574,27359
27359,28587
27656,27360
27980,27360
27360,28168
28538,27360
27361,27870
27361,28140
28344,27361
28650,27361
27731,27362
27362,27766
27362,27863
28213,27362
27362,28363
27416,27363
27552,27363
27964,27363
27363,28268
28509,27363
27666,27364
27364,27691
27364,28060
28291,27364
27365,27460
27578,27365
27365,27877
27365,28093
28558,27365
27365,28599
27365,28621
28651,27365
27814,27366
28104,27366
27366,28180
27366,28430
27367,27570
27368,27785
27368,27848
27992,27368
28018,27368
28113,27368
27597,27369
27792,27369
27820,27369
27860,27369
27369,28032
28199,27369
28321,27370
27370,28454
27370,28527
27371,27483
27371,27512
27962,27371
27372,27753
27903,27372
27372,27924
27372,28013
27372,28219
27733,27373
27373,27779
27819,27373
27891,27373
28665,27373
27374,27415
27374,27622
27374,27842
28023,27374
27374,28083
28089,27375
28616,27375
28713,27375
27604,27376
27376,27644
27662,27376
27376,27718
27376,28725
27377,27766
27377,27863
28467,27377
28722,27377
27378,27941
28007,27378
27378,28167
28331,27378
27378,28416
28428,27378
27716,27379
27839,27379
27379,27860
27379,28507
27380,28222
27380,28346
28515,27380
27381,27511
27604,27381
27662,27381
27381,27704
27718,27381
27381,27973
28171,27382
28450,27382
27382,28519
27383,28255
28383,27383
27383,28518
28629,27383
27384,27687
27384,27711
27384,27880
27934,27384
27384,28020
28319,27384
28631,27384
27764,27385
27781,27385
27899,27385
28310,27385
27385,28574
27385,28587
27386,27419
28137,27386
27386,28240
28594,27386
28671,27386
27500,27387
27387,27772
27387,28462
28585,27387
28696,27387
27583,27388
27607,27388
27388,27773
27388,28218
27388,28379
27388,28417
27388,28698
27389,27554
28068,27389
28617,27389
28168,27390
27390,28565
27638,27391
27391,27908
27391,27919
28234,27391
28364,27391
27392,27437
27392,27929
27392,28370
28576,27392
27492,27393
27735,27393
28017,27393
28407,27393
28609,27393
27394,27599
27394,28106
27395,27690
27859,27395
28196,27395
27396,28592
28626,27396
27397,28376
27397,28555
27566,27398
27833,27398
28541,27398
27436,27399
27399,28046
28054,27399
28348,27399
27400,27467
27400,27710
27914,27400
28409,27400
27400,28474
27400,28487
28049,27401
27401,28115
28631,27401
27601,27402
28270,27402
27403,27438
27403,28111
27403,28208
27403,28592
27530,27404
27541,27404
27767,27404
27824,27404
27911,27404
28646,27404
27405,27751
27405,27890
28389,27405
27405,28394
28269,27406
27474,27407
27407,27624
27407,27799
27408,27640
27777,27408
27408,28496
28707,27408
27409,27807
27409,27846
28666,27409
27410,28041
27410,28050
27410,28506
27411,27666
27411,28229
28535,27411
28649,27411
28681,27411
27941,27412
28006,27412
28332,27412
27412,28342
27412,28481
28521,27412
27412,28583
27413,27503
27729,27413
28455,27413
27414,28263
28296,27414
28530,27414
27415,27539
27682,27415
27415,27759
27842,27415
27415,28037
28043,27415
27416,27552
27416,28509
27436,27417
27542,27417
27417,27772
27417,27818
28449,27417
27471,27418
27418,27499
27628,27418
27418,28606
27987,27419
28165,27419
27419,28166
27419,28411
28671,27419
27420,27820
27420,27860
27420,28032
27420,28199
28570,27420
28654,27420
28676,27420
27473,27421
27592,27421
27668,27421
27421,28511
27439,27422
27422,27601
27422,27709
27422,28155
27422,28270
27423,27919
28184,27423
27423,28234
27423,28364
28447,27423
28674,27423
27423,28704
27744,27424
27424,27883
27424,28185
27715,27425
27425,27746
27425,27804
27997,27425
27425,28629
27426,27870
28000,27426
27426,28145
27426,28420
27427,27503
27949,27427
27427,27991
27427,28361
27998,27428
28454,27428
27492,27429
27429,27931
28030,27429
27429,28528
27585,27430
27675,27430
27874,27430
28015,27430
27430,28230
28001,27431
28085,27431
27431,28216
27431,28305
27432,27865
27432,28082
27432,28578
27433,27582
27817,27433
27433,28168
27433,28238
27433,28468
28082,27434
28191,27434
28578,27434
28638,27434
27434,28669
27435,28529
27435,28610
28638,27435
28699,27435
28046,27436
27436,28348
28462,27436
27436,28585
28606,27436
28668,27436
27436,28687
27437,27493
27437,27511
27437,27846
27437,27909
27997,27437
27437,28582
28666,27437
27438,28292
27438,28332
28481,27438
28583,27438
27438,28592
28626,27438
27601,27439
27439,27984
28103,27439
27439,28155
27439,28275
27896,27440
28439,27440
27441,27622
27682,27441
27946,27441
28083,27441
28246,27441
28304,27441
27442,27540
27442,27864
27442,27956
28027,27442
27442,28540
28715,27442
27614,27443
27855,27443
27915,27443
28297,27443
27443,28713
27444,27634
27444,27642
28323,27444
28429,27444
28123,27445
28677,27445
27445,28683
27445,28693
27616,27446
27446,27935
27446,28196
27446,28281
28312,27446
27446,28724
27447,27571
27447,28429
27448,27703
27824,27448
27832,27448
27448,27943
27746,27449
28126,27449
27449,28138
28351,27449
27580,27450
27450,28051
27450,28085
27450,28126
28137,27451
27451,28142
27451,28372
27451,28388
28574,27451
28584,27451
27478,27452
27910,27452
28602,27452
28615,27452
27656,27453
27872,27453
27895,27453
27454,27602
28278,27454
28532,27454
27454,28618
27455,27570
27456,27476
27456,27479
27456,27510
27456,28271
27457,27670
27917,27457
27457,28381
28480,27457
27457,28523
27457,28533
28655,27457
27458,27567
27922,27458
27504,27459
27459,28352
27460,27476
27461,27719
27919,27461
28184,27461
27461,28245
27461,28314
27461,28379
27461,28402
28484,27461
27462,27737
28085,27462
28216,27462
27462,28271
28305,27462
27550,27463
27463,27956
28316,27463
27463,28540
28680,27463
27706,27464
27835,27464
27464,28407
28552,27464
27603,27465
27827,27465
27894,27465
28044,27465
27465,28143
28211,27465
27466,27844
27977,27466
28048,27466
28136,27466
28317,27466
28494,27466
27466,28511
27651,27467
27467,27710
27884,27467
27467,28003
28409,27467
28474,27467
27958,27468
27968,27468
27468,28665
27469,27812
27469,27866
27469,28118
28448,27469
27470,27560
28283,27470
27470,28604
27782,27471
27471,28495
27471,28687
27829,27472
28573,27472
27475,27473
27724,27473
27961,27473
27473,28257
27781,27474
27799,27474
28574,27474
28587,27474
28670,27474
27475,27961
27475,28561
27476,27510
27476,28005
27476,28093
27476,28150
28431,27476
27476,28558
28008,27477
27477,28464
27607,27478
27478,27719
28656,27478
27831,27479
28526,27479
27623,27480
28123,27480
28138,27480
28315,27480
28351,27480
27480,28693
27721,27481
28013,27481
27481,28084
27481,28259
27482,28587
27483,28173
27483,28444
28635,27483
27709,27484
27906,27484
28644,27484
28663,27484
27485,27514
27599,27485
27728,27485
27485,27840
28106,27485
27590,27486
27486,27975
28002,27486
27486,28179
27678,27487
27487,27991
27487,28057
27487,28272
27487,28366
27487,28477
27529,27488
27859,27488
27980,27488
28168,27488
27488,28195
27488,28620
27488,28664
27907,27489
27943,27489
27958,27489
27489,28452
27489,28480
28533,27489
27489,28554
27897,27490
27926,27490
27490,28217
28553,27490
28702,27490
27800,27491
27491,27826
28010,27491
27491,28031
28056,27491
27491,28358
27492,27778
28249,27492
27644,27493
27909,27493
28582,27493
28086,27494
28286,27494
27494,28678
28067,27495
28105,27495
27495,28148
27495,28477
27496,27504
27570,27496
27825,27496
27915,27496
27496,28652
27496,28705
27497,27799
27497,27808
27811,27497
27497,27841
28299,27497
27497,28368
28613,27497
28670,27497
27748,27498
27498,28228
28513,27498
27498,28657
27499,27712
27782,27499
27499,28063
28349,27499
27499,28536
27772,27500
27500,27950
28348,27500
28501,27500
27501,27663
28181,27501
27501,28604
27645,27502
27502,28012
28335,27502
27503,27970
28352,27504
27621,27505
27505,27764
27948,27505
28310,27505
28388,27505
27505,28408
27505,28574
27863,27506
28472,27506
27507,27530
28128,27507
27509,27556
27509,27598
27509,27918
28658,27509
27831,27510
27510,28005
27510,28512
28558,27510
27511,27533
27644,27511
27807,27511
27512,27881
27512,28206
27514,28066
27515,27517
27654,27515
27515,27944
28317,27515
27515,28371
28377,27515
27515,28385
27516,27763
27516,28176
27516,28193
28391,27516
27528,27517
27517,27654
28339,27517
27681,27518
28245,27518
28531,27518
27518,28660
27518,28718
27519,27618
27954,27519
27519,28036
28290,27519
28571,27519
27817,27520
27520,28195
27520,28491
28620,27520
27520,28664
27521,27902
27521,28455
27521,28492
27522,27813
27838,27522
27876,27522
27522,28051
28138,27522
27522,28162
27972,27523
28436,27523
28460,27523
27524,27538
27847,27524
27937,27524
28248,27524
28694,27524
27525,27545
27525,28719
27526,27554
28309,27526
27526,28617
27686,27527
27769,27527
27527,28490
27801,27528
27528,28099
28131,27528
27859,27529
28168,27529
28442,27530
27531,28184
28447,27531
28484,27531
28674,27531
27531,28698
27532,27610
27532,27931
28034,27532
28723,27532
27533,27662
27533,27704
27533,27795
27534,27653
27534,27725
27956,27534
28540,27534
27681,27535
28042,27535
28489,27535
27760,27536
27536,27985
27537,28436
27537,28458
27538,27633
27538,27655
27538,27878
27538,28293
28712,27538
27586,27539
27946,27539
27539,28037
27539,28043
28234,27539
28246,27539
28364,27539
27540,27802
28326,27540
28530,27540
28547,27540
27824,27541
27832,27541
28350,27541
27541,28554
27628,27542
27542,27630
27542,27798
27542,27857
27685,27543
27543,28030
27543,28204
28723,27543
27610,27544
27931,27544
28163,27544
27544,28581
28718,27544
27545,27671
27545,27750
27979,27545
27546,27646
27546,27904
27936,27546
27546,28061
27546,28250
27547,27602
27848,27547
27547,28158
28179,27547
28420,27547
28618,27547
27548,27653
27695,27548
27548,27725
28148,27548
28672,27549
27549,28714
27871,27550
27550,28476
28575,27550
28243,27551
27551,28566
27814,27552
27552,28268
27553,28054
27553,28298
27694,27554
28068,27554
28308,27554
28309,27554
28617,27554
28703,27555
27898,27556
28315,27556
27556,28466
28658,27556
27649,27557
27826,27557
27557,28691
27665,27558
27558,27767
28143,27558
28630,27558
27559,28077
28140,27559
27559,28212
27559,28360
27752,27560
28174,27560
28283,27560
28355,27560
28475,27560
27560,28604
27561,27740
27561,28527
27561,28600
27562,27749
27868,27562
28156,27562
28208,27562
27612,27563
27836,27563
27563,28519
27807,27564
27846,27564
28582,27564
27565,27625
27784,27565
27885,27565
27901,27565
28098,27565
27565,28272
27565,28522
27922,27567
28134,27567
27567,28390
27593,27568
27568,28098
28323,27568
28470,27568
27763,27569
27569,27896
28176,27569
28391,27569
28198,27571
27571,28429
27775,27572
27942,27572
27572,27943
27572,28072
27572,28078
27572,28552
27742,27573
27858,27573
27573,27939
27573,28571
27574,27649
27973,27574
28322,27574
27574,28358
28576,27574
28629,27574
28691,27574
27595,27575
27689,27575
27575,28000
28360,27575
27601,27576
27730,27576
27576,27984
28103,27576
27576,28155
27576,28644
27887,27577
27948,27577
27577,27987
28137,27577
27577,28240
27577,28247
28610,27577
27578,27902
27578,28262
27578,28421
28455,27578
27578,28492
28621,27578
27578,28640
28690,27578
27925,27579
27926,27579
27579,28273
27760,27580
27581,27814
27581,27833
27581,28453
28089,27582
28448,27582
27582,28580
27582,28608
27582,28616
28417,27583
28516,27583
27584,28059
28332,27584
27584,28416
27584,28481
27768,27585
28015,27585
27585,28230
27585,28633
27586,27758
28037,27586
27586,28083
27587,27794
27809,27587
28102,27587
27587,28373
27588,27648
27588,28002
28014,27588
28018,27588
27821,27589
27897,27589
28519,27589
27589,28714
27590,27975
27989,27590
27590,28115
27590,28319
27926,27591
28171,27591
28252,27591
27591,28506
28636,27591
27592,27771
27592,28200
28497,27592
27593,27784
27593,28159
28323,27593
27593,28470
28717,27593
27886,27594
27988,27594
27594,28012
27594,28173
27594,28206
27594,28612
27689,27595
27595,28360
27595,28375
27596,27785
27596,27848
27913,27596
28220,27596
28465,27596
27596,28653
27597,27671
28524,27598
27598,28563
27664,27599
27677,27599
27599,27765
27599,27840
27893,27599
27993,27599
28001,27599
27599,28022
27599,28026
27600,27666
27691,27600
28052,27600
28058,27600
27600,28341
27601,28644
28532,27602
28689,27602
27835,27603
27603,27951
27603,28044
28153,27604
27969,27605
28655,27605
27606,28117
28540,27606
28547,27606
28184,27607
28345,27607
27607,28602
27859,27608
27861,27608
27608,27935
27608,28443
27609,27821
27609,28313
27609,28642
28702,27609
27773,27610
27610,28030
27610,28391
27610,28723
27611,27893
27611,27978
27993,27611
27611,28091
28045,27612
28075,27612
27612,28289
27612,28450
27796,27613
27899,27613
27705,27614
27774,27614
27866,27614
27614,28189
27614,28641
27614,28713
27905,27615
28053,27615
27615,28313
27615,28556
27817,27616
27616,27861
27989,27617
27617,28044
28132,27617
28251,27617
27617,28508
28597,27617
27669,27618
27618,28036
27618,28161
28394,27618
27618,28569
27690,27619
28112,27619
28403,27619
27619,28498
27729,27620
27620,28563
27621,28141
28240,27621
28408,27621
27759,27622
27842,27622
27908,27622
27622,28277
27622,28500
27838,27623
27624,28239
28386,27624
28565,27624
27624,28613
28637,27624
27963,27625
27625,28421
28573,27625
27625,28595
27626,27667
28515,27626
28221,27627
27627,28243
27627,28422
27627,28624
27628,28585
27629,27844
28200,27629
27630,27798
28586,27630
27895,27631
27631,28167
27631,28267
27631,28270
28434,27631
27632,27737
27632,28001
28022,27632
27632,28431
27633,28015
28284,27633
28293,27633
28694,27633
27979,27634
28028,27634
28405,27634
28543,27634
27635,28226
27635,28250
27636,27810
27636,28604
27637,27788
27637,28344
28557,27637
27638,28210
28364,27638
27638,28516
28615,27638
27639,27756
27639,28514
27640,27656
28620,27640
28707,27640
27641,27859
28006,27641
27641,28114
27667,27643
27643,28116
27643,28365
27807,27644
27930,27645
27988,27645
27645,28635
27646,28108
28598,27646
27647,27855
27887,27647
27647,27915
27647,27974
28152,27647
28641,27647
27647,28648
27648,27870
28002,27648
28014,27648
28018,27648
28145,27648
27704,27649
27807,27649
27649,27846
28370,27649
27649,28515
27650,27855
27650,27862
28141,27650
27650,28247
28254,27650
27650,28623
27651,27752
27954,27651
27982,27651
28174,27651
28040,27652
28321,27652
27652,28487
27864,27653
27944,27654
28377,27654
27776,27655
27655,27874
27655,28293
28318,27655
27655,28634
27655,28679
27655,28701
27738,27656
27656,27830
27656,27867
27657,27748
27925,27657
27657,28228
27657,28252
28371,27657
27745,27658
27658,27819
27658,28034
28285,27658
27658,28723
27778,27659
27659,28251
27659,28508
27659,28597
28029,27660
28060,27660
27660,28291
27660,28419
27660,28433
27660,28649
27660,28681
27661,27816
27661,28073
28224,27661
27661,28233
27661,28334
28432,27661
27707,27662
27662,27795
27940,27662
27662,28016
28153,27662
28185,27663
27663,28461
28678,27663
27727,27664
27664,28010
27665,27674
27665,28035
27665,28459
27666,27691
28052,27666
28341,27666
27666,28473
27666,28710
28116,27667
27667,28222
27744,27668
27668,28185
28520,27668
27669,27858
28290,27669
28019,27670
28328,27670
27670,28350
28452,27670
27670,28655
27670,28709
27750,27671
27792,27671
27671,28719
27884,27672
27672,27982
27672,28300
27799,27673
27673,28337
28637,27673
27674,28559
27674,28692
27675,28107
28120,27675
27675,28170
28221,27675
28378,27675
28486,27675
27749,27676
27676,28244
28267,27676
27676,28342
27676,28428
27677,28026
27678,27729
27901,27678
27991,27678
27679,27681
28528,27679
27679,28581
27679,28631
28038,27680
28237,27680
27680,28273
28544,27681
28660,27681
27682,27946
27682,28398
27683,27759
28277,27683
27684,27972
28121,27684
27684,28347
28643,27684
27733,27685
27745,27685
27685,27931
28609,27685
27769,27686
27686,28365
27686,28460
28490,27686
27686,28564
27687,27735
27687,27975
27687,27989
28549,27687
27687,28695
27688,27787
27688,28248
27688,28435
27688,28525
28634,27688
28124,27689
27689,28212
28329,27689
27689,28360
28029,27691
28052,27691
27691,28058
28341,27691
28433,27691
27691,28535
27691,28628
27692,28073
27692,28233
27692,28432
27975,27693
28212,27693
28309,27694
27695,27725
27695,28477
27781,27696
27796,27696
27696,28584
27697,27871
27904,27697
28622,27697
27977,27698
28181,27698
27698,28231
27699,27741
27802,27699
27699,28209
27700,27836
28704,27700
27931,27701
27701,28034
27869,27702
27930,27702
27827,27703
27703,27832
28328,27703
28442,27703
27718,27704
27704,27909
27705,27915
27974,27705
28247,27705
27705,28297
27706,28030
28523,27706
28016,27707
28662,27707
27942,27708
27708,27958
27708,27966
27708,28381
27708,28546
27708,28665
27709,27906
28663,27709
27841,27710
27710,27982
28003,27710
27710,28487
27711,27735
27989,27711
28115,27711
28147,27711
28549,27711
27711,28695
27744,27712
27712,27883
27712,28063
27712,28495
27712,28561
27713,27883
27713,28063
28561,27713
27713,28667
27714,27938
28064,27714
27714,28161
27714,28221
28502,27714
28539,27714
28315,27715
28401,27715
27716,27834
27716,28425
27835,27717
27981,27717
27717,28019
27717,28343
27718,27795
27718,27909
27718,28153
28402,27719
28656,27719
27720,27915
28024,27720
28089,27720
27720,28448
27721,27843
27721,28084
28109,27721
27721,28219
28259,27721
27722,27948
27723,27839
27723,28074
28425,27723
27723,28507
28174,27724
28177,27724
28387,27724
28536,27724
27725,27837
28117,27725
27725,28551
27764,27726
27726,28252
27726,28506
27727,27728
28415,27727
28307,27728
28415,27728
27878,27730
27984,27730
28164,27730
28258,27730
27730,28712
27731,28021
28213,27731
27732,27755
27732,27808
27732,28186
28372,27732
27779,27733
27733,27819
27733,28009
28285,27733
28723,27733
28314,27734
27734,28531
28544,27734
28115,27735
27996,27736
28113,27736
28489,27736
28531,27736
27736,28721
28001,27737
27737,28085
28431,27737
28281,27738
28311,27738
28538,27738
28568,27738
27739,28006
27739,28114
28187,27739
27739,28332
27806,27740
28040,27740
27740,28095
28223,27740
27953,27741
28550,27741
27741,28575
27741,28627
28680,27741
27742,27858
27742,28161
27742,28194
27742,28333
27742,28566
27742,28661
28409,27743
28475,27743
27743,28487
28711,27743
27744,28320
27744,28427
28536,27744
27745,27779
27745,28175
27745,28193
27746,28401
27746,28677
28683,27746
28087,27747
28351,27747
27747,28607
27748,27796
27748,27844
28587,27748
28244,27749
28342,27749
28481,27749
27750,27792
27750,28405
27751,27858
28173,27751
27752,27982
27752,28039
27752,28355
27752,28619
27903,27753
27924,27753
28109,27753
28108,27754
28178,27754
27754,28192
27808,27755
27903,27756
28084,27756
28219,27756
28662,27757
28037,27758
27758,28246
28519,27758
27759,27803
28210,27759
28410,27759
28126,27760
28503,27760
27804,27761
28518,27761
28582,27761
27761,28596
28121,27762
28169,27762
28510,27762
28643,27762
27920,27763
28285,27763
27854,27764
28372,27764
27764,28506
27764,28574
28657,27764
27765,27893
28106,27765
27863,27766
28157,27766
28472,27766
28451,27767
27786,27768
27768,27879
28107,27768
27768,28354
28362,27768
27768,28434
27768,28701
27769,27793
27769,28169
27769,28336
27769,28436
27769,28458
28490,27769
28582,27770
28596,27770
27771,28497
27772,28668
28696,27772
28218,27773
27773,28391
27774,28256
27774,28396
27774,28613
27943,27775
27775,27960
27775,28343
28523,27775
28221,27776
28275,27776
28486,27776
28517,27776
28661,27776
27777,27786
27777,27867
27777,27895
27777,28275
28354,27777
28374,27777
28434,27777
27777,28701
27778,27880
27778,28115
28251,27778
28407,27778
27778,28601
27779,27819
27779,28593
27780,27903
27780,27924
27796,27781
27781,27810
27781,27811
28475,27781
27782,27883
27782,28449
28536,27782
27782,28687
28072,27783
28078,27783
28593,27783
27784,27829
27784,28361
27784,28522
27785,27882
27992,27785
27785,28113
28685,27785
27786,28167
27786,28362
27786,28404
27786,28673
27937,27787
28525,27787
27787,28577
27787,28694
27788,27923
27788,28301
27788,28493
27788,28557
27788,28647
27789,27896
28176,27789
28330,27789
27789,28439
27790,27817
27790,28195
27790,28238
28287,27790
27791,27802
27791,28296
28316,27791
27986,27792
27792,28719
27845,27793
27793,28104
27793,28336
27793,28347
28504,27793
27793,28564
27793,28643
27794,27809
28102,27794
28521,27794
27794,28725
28153,27795
27795,28521
27795,28662
28725,27795
28181,27796
27797,27930
27797,27990
27798,27856
27798,27857
27798,28572
27798,28586
27808,27799
28368,27799
28637,27799
28307,27800
27800,28358
28099,27801
27801,28131
28385,27801
28456,27801
27936,27802
27802,28399
28277,27803
27803,28500
27804,28123
28383,27804
28401,27804
27804,28590
28596,27804
28725,27805
27980,27806
27806,28036
28321,27806
27846,27807
28370,27807
28372,27808
28007,27809
27809,28156
27809,28292
27809,28332
27809,28373
27810,28286
27810,28337
28587,27811
28637,27811
27812,27873
27812,27974
27812,28089
28648,27812
27813,27838
27813,28071
27813,28126
28225,27813
27814,28180
27814,28430
27814,28453
27815,28048
28070,27815
28086,27815
27815,28257
28494,27815
27816,28073
28233,27816
27816,28266
27816,28323
28334,27816
27816,28384
27817,27912
28498,27817
28668,27818
27818,28696
27820,28032
27821,28273
27822,28295
28427,27822
28494,27822
27822,28497
27870,27823
27823,28212
27823,28647
28650,27823
28343,27824
27824,28350
28446,27824
27825,28152
27825,28542
28576,27826
28691,27826
27827,27969
28019,27827
27827,28451
28646,27827
27828,28543
27829,27901
27829,28098
27829,28522
28717,27829
28720,27829
27830,27952
28321,27830
27830,28369
27831,28005
27831,28093
28697,27831
27911,27832
27832,28418
27834,27839
27834,28074
27835,27951
27835,28019
28044,27835
28328,27835
28469,27835
27836,28045
27864,27837
27837,28214
27838,28126
27838,28162
27838,28225
28282,27838
27955,27839
28160,27839
27839,28676
27840,28026
28415,27840
27841,27914
27841,27998
28337,27841
28409,27841
27841,28605
27841,28711
27903,27843
27843,28013
28084,27843
28109,27843
28548,27843
27844,27977
28228,27844
27844,28252
27844,28657
28090,27845
28180,27845
27845,28347
28504,27845
27846,27909
27846,28370
28582,27846
27846,28666
27878,27847
27847,28258
28721,27848
27949,27849
27849,28261
28288,27849
28323,27849
27849,28543
27850,27894
27850,28211
27850,28559
28076,27851
27851,28356
28423,27851
28592,27851
28054,27852
28242,27852
27852,28464
28303,27853
27854,27948
27887,27855
28089,27855
27855,28137
27855,28648
27856,28046
28397,27856
27856,28462
27857,28054
27857,28190
27857,28572
27858,27881
27858,27939
27858,28539
27980,27859
27859,28538
27860,28199
28241,27860
28570,27860
28676,27860
28201,27861
28302,27861
27861,28496
27862,28082
28579,27862
27862,28610
27863,28021
27863,28722
28135,27864
28263,27864
28296,27864
27864,28457
28611,27864
27865,28004
28130,27865
28542,27865
27865,28652
28608,27866
27867,28194
27867,28243
27867,28369
28422,27867
28538,27867
28062,27868
27868,28414
27868,28592
27988,27869
27869,28008
27869,28478
28555,27869
27870,28033
27870,28158
27871,27956
27871,28575
28622,27871
27965,27872
27872,28400
27974,27873
28170,27874
28624,27874
27874,28701
27875,27989
28147,27875
27875,28303
28508,27875
27985,27876
28307,27876
28183,27877
28558,27877
27877,28599
27877,28651
27877,28697
27878,28258
28378,27878
28694,27878
28712,27878
27879,28354
27879,28400
28620,27879
27880,28508
28597,27880
28695,27880
27881,28300
28333,27881
27881,28562
27882,27992
27882,28544
27883,28320
27883,28495
27884,27982
28409,27884
28717,27885
28174,27886
27886,28207
27886,28335
28478,27886
27886,28612
27887,28641
27888,28258
28284,27888
28318,27888
28378,27888
28393,27888
27888,28525
27987,27889
28165,27889
27889,28246
28324,27890
28333,27890
27890,28444
27891,27907
27917,27891
27891,28665
27892,27900
27983,27892
27892,28105
27892,28366
27893,28271
27894,28143
27894,28692
28120,27895
27895,28673
27920,27896
27896,28285
28439,27896
27897,28556
27897,28636
27897,28702
28614,27898
27898,28715
27899,28142
27899,28310
28584,27899
28587,27899
27900,28105
28477,27900
27901,27963
27901,28455
28463,27902
27924,27903
28065,27903
27903,28109
27903,28219
28514,27903
27904,28192
27905,28053
27905,28273
27905,28313
27906,28047
27906,28226
28250,27906
27942,27907
27907,28554
27908,28083
27908,28234
28410,27908
28370,27909
27909,28666
27910,28277
28410,27910
28447,27910
28381,27911
27911,28406
28418,27911
28223,27912
28321,27912
28664,27912
28018,27913
27913,28049
28113,27913
27913,28179
28685,27913
28721,27913
27914,28474
27914,28571
27914,28605
27915,28024
27916,27956
27916,28316
28540,27916
27917,27943
27966,27917
27917,28078
27917,28100
27917,28593
27918,28563
27919,28045
27919,28447
28672,27919
28688,27919
27920,28176
27920,28330
27920,28439
27920,28516
28602,27920
28161,27921
28170,27921
27921,28318
28394,27921
28502,27921
28694,27921
27922,28390
27923,28301
27925,28231
28252,27925
28125,27927
28218,27927
27927,28391
27928,28127
27928,28181
27928,28337
27929,28096
28255,27929
27929,28322
27929,28691
27930,27945
27930,28612
28249,27931
28021,27932
27932,28213
27932,28363
27933,28463
27933,28488
27933,28522
28147,27934
27934,28205
27935,28079
27935,28281
27936,28108
27936,28598
27937,28318
27937,28577
27937,28661
27938,28064
28424,27938
27938,28566
27938,28661
28095,27939
28016,27940
27940,28331
28416,27941
27966,27942
27968,27942
28665,27942
28381,27943
27943,28442
27944,28070
28511,27944
28353,27945
27945,28426
27945,28612
27946,28037
27946,28246
27946,28645
28249,27947
28528,27947
27947,28533
28609,27947
28594,27948
28011,27949
27949,28028
28585,27950
27950,28606
28668,27950
27951,27981
28469,27951
27951,28655
27952,28624
28707,27952
27953,28061
28209,27953
27953,28715
28280,27954
27954,28386
27954,28487
27955,28160
28425,27955
28507,27955
28570,27955
28214,27956
27987,27957
28092,27957
28166,27957
27957,28327
27957,28578
28669,27957
27957,28699
27960,27958
27958,27968
27959,28266
28361,27959
28665,27960
28185,27961
27961,28605
27962,27988
28324,27962
28389,27962
27962,28635
28488,27963
27963,28717
27964,28180
27964,28268
27964,28430
28453,27964
28079,27965
28187,27965
27965,28311
27965,28374
27965,28400
27965,28443
27968,28546
28451,27969
28459,27969
27969,28692
27970,27983
28272,27970
27970,28323
28361,27970
28720,27970
28037,27971
28043,27971
28104,27972
28121,27972
28347,27972
28504,27972
27972,28564
28329,27975
27976,28181
27976,28371
27977,28048
27977,28181
27978,28022
28151,27980
28223,27980
27980,28243
28454,27980
27980,28664
28154,27981
27981,28343
27981,28552
28571,27982
27983,28227
28272,27983
28706,27983
27985,28629
28241,27986
28654,27986
27987,28165
27987,28669
27988,28172
28206,27988
28077,27989
27989,28212
28376,27990
27990,28445
27991,27994
27991,28340
27991,28543
28018,27992
27992,28685
27993,28022
27994,28149
27994,28366
28477,27994
28438,27995
27995,28503
27995,28599
28640,27995
28133,27996
28549,27996
28631,27996
28197,27997
28383,27997
28582,27997
28095,27998
28386,27998
28637,27998
28390,27999
27999,28425
28507,27999
28001,28216
28305,28001
28002,28049
28002,28205
28002,28489
28003,28409
28003,28711
28004,28625
28004,28705
28005,28526
28005,28651
28006,28122
28332,28007
28374,28007
28478,28008
28555,28008
28008,28675
28193,28009
28307,28010
28149,28011
28011,28706
28353,28012
28675,28012
28065,28013
28219,28013
28259,28013
28020,28014
28014,28077
28319,28014
28420,28014
28170,28015
28275,28015
28293,28015
28318,28015
28679,28015
28016,28153
28156,28016
28017,28133
28017,28147
28017,28204
28249,28017
28019,28469
28145,28020
28020,28205
28021,28139
28157,28021
28213,28021
28363,28021
28021,28472
28022,28216
28023,28382
28023,28398
28024,28118
28024,28297
28468,28024
28716,28024
28025,28146
28025,28188
28025,28454
28026,28282
28530,28027
28715,28027
28198,28028
28340,28028
28028,28429
28029,28060
28030,28528
28031,28071
28031,28255
28358,28031
28691,28031
28032,28570
28032,28654
28158,28033
28204,28034
28143,28035
28559,28035
28064,28036
28539,28036
28726,28036
28398,28037
28483,28037
28037,28659
28235,28038
28038,28485
28642,28038
28702,28038
28207,28039
28039,28359
28479,28039
28040,28223
28040,28280
28041,28252
28513,28041
28042,28133
28147,28042
28319,28042
28043,28304
28043,28529
28646,28044
28045,28289
28047,28209
28200,28048
28049,28489
28050,28506
28050,28589
28052,28473
28053,28260
28377,28053
28242,28054
28054,28298
28054,28586
28160,28055
28425,28055
28056,28068
28057,28224
28057,28361
28058,28291
28058,28535
28628,28058
28710,28058
28725,28059
28060,28229
28060,28419
28060,28681
28061,28178
28111,28062
28062,28208
28414,28062
28583,28062
28062,28626
28063,28387
28063,28561
28667,28063
28064,28333
28569,28064
28065,28109
28066,28567
28067,28105
28067,28367
28067,28477
28068,28232
28358,28068
28069,28445
28464,28069
28555,28069
28070,28136
28126,28071
28225,28071
28307,28071
28072,28100
28480,28072
28224,28073
28073,28334
28134,28074
28074,28425
28507,28074
28083,28075
28077,28140
28508,28077
28552,28078
28609,28078
28079,28302
28079,28311
28079,28496
28568,28079
28591,28080
28080,28632
28684,28080
28254,28081
28529,28081
28669,28081
28699,28082
28083,28382
28084,28109
28259,28084
28084,28548
28086,28200
28262,28087
28087,28690
28187,28088
28088,28302
28443,28088
28088,28724
28189,28089
28089,28648
28336,28090
28347,28090
28436,28090
28090,28458
28091,28271
28092,28166
28579,28092
28093,28463
28093,28526
28558,28093
28093,28651
28094,28579
28094,28682
28290,28095
28454,28095
28527,28095
28711,28095
28255,28096
28096,28383
28096,28576
28691,28096
28279,28097
28097,28417
28097,28602
28098,28488
28099,28269
28295,28099
28193,28100
28100,28593
28609,28100
28102,28101
28156,28101
28101,28244
28332,28101
28101,28521
28331,28102
28102,28373
28102,28725
28103,28164
28103,28673
28104,28643
28366,28105
28367,28105
28477,28105
28107,28120
28275,28107
28633,28107
28209,28108
28108,28598
28108,28663
28548,28109
28110,28440
28630,28110
28110,28646
28111,28392
28414,28111
28583,28111
28215,28112
28112,28238
28112,28392
28113,28245
28113,28700
28187,28114
28114,28302
28114,28534
28114,28537
28303,28115
28508,28115
28115,28597
28115,28695
28116,28222
28308,28116
28346,28116
28117,28366
28117,28367
28117,28477
28297,28118
28118,28580
28119,28296
28326,28119
28119,28476
28715,28119
28404,28120
28121,28643
28270,28122
28122,28362
28122,28374
28123,28197
28123,28401
28123,28683
28693,28123
28140,28124
28212,28124
28124,28360
28218,28125
28531,28125
28125,28544
28363,28128
28467,28128
28129,28589
28338,28130
28130,28652
28131,28260
28412,28131
28132,28212
28306,28132
28147,28133
28133,28718
28134,28425
28494,28136
28137,28254
28137,28408
28138,28162
28138,28325
28138,28607
28683,28138
28213,28139
28363,28139
28467,28139
28212,28140
28360,28140
28594,28141
28141,28648
28142,28310
28142,28372
28142,28513
28143,28211
28143,28440
28143,28630
28430,28144
28453,28144
28509,28144
28145,28179
28145,28236
28280,28146
28368,28146
28340,28148
28148,28477
28148,28706
28706,28149
28150,28431
28599,28150
28151,28670
28153,28292
28163,28154
28703,28154
28226,28155
28155,28644
28156,28208
28363,28157
28157,28467
28158,28236
28482,28159
28708,28159
28161,28539
28162,28677
28712,28164
28254,28165
28165,28411
28165,28671
28165,28699
28254,28166
28166,28579
28167,28354
28195,28168
28223,28168
28724,28168
28490,28169
28564,28169
28624,28170
28499,28171
28635,28172
28330,28176
28207,28177
28202,28178
28250,28178
28178,28627
28179,28205
28430,28180
28181,28604
28675,28182
28640,28183
28402,28184
28184,28413
28184,28447
28184,28674
28185,28387
28185,28520
28186,28189
28186,28372
28608,28186
28267,28187
28311,28187
28187,28428
28534,28187
28188,28280
28441,28189
28616,28189
28190,28572
28638,28191
28209,28192
28399,28192
28192,28476
28593,28193
28194,28243
28369,28194
28194,28539
28566,28194
28664,28195
28196,28201
28423,28196
28498,28196
28590,28197
28537,28201
28202,28357
28202,28550
28203,28436
28649,28203
28203,28684
28249,28204
28375,28205
28300,28206
28206,28478
28207,28426
28583,28208
28209,28550
28505,28210
28559,28211
28630,28211
28211,28692
28363,28213
28399,28214
28441,28215
28639,28215
28305,28216
28217,28235
28260,28217
28217,28412
28217,28689
28402,28218
28531,28218
28544,28218
28660,28218
28219,28514
28642,28220
28685,28220
28221,28422
28221,28486
28221,28661
28222,28365
28422,28223
28454,28223
28361,28224
28250,28226
28227,28366
28228,28657
28681,28229
28230,28437
28231,28494
28232,28346
28232,28358
28232,28560
28232,28691
28261,28233
28233,28334
28234,28277
28234,28500
28704,28234
28235,28689
28618,28236
28237,28265
28556,28237
28636,28237
28238,28441
28545,28238
28238,28639
28239,28256
28239,28608
28641,28240
28654,28241
28376,28242
28445,28242
28280,28243
28726,28243
28292,28244
28312,28244
28481,28244
28345,28245
28245,28380
28544,28245
28246,28589
28247,28610
28248,28525
28480,28249
28249,28601
28609,28249
28598,28250
28306,28251
28508,28251
28597,28251
28253,28278
28301,28253
28253,28493
28618,28253
28682,28254
28307,28255
28255,28588
28396,28256
28565,28256
28548,28259
28377,28260
28412,28260
28272,28262
28294,28262
28522,28262
28262,28690
28296,28263
28263,28540
28337,28264
28265,28702
28266,28482
28266,28708
28266,28720
28311,28267
28374,28267
28268,28430
28453,28268
28268,28509
28362,28270
28270,28633
28276,28271
28553,28273
28273,28556
28274,28553
28404,28275
28277,28447
28618,28278
28279,28615
28280,28321
28281,28392
28568,28281
28284,28437
28633,28284
28634,28284
28284,28679
28330,28285
28285,28723
28286,28678
28287,28468
28287,28616
28384,28288
28405,28288
28432,28288
28450,28289
28519,28289
28291,28473
28535,28291
28293,28378
28633,28293
28294,28421
28488,28294
28294,28492
28385,28295
28296,28540
28296,28614
28296,28715
28298,28376
28299,28584
28389,28300
28493,28301
28301,28647
28537,28302
28303,28695
28483,28304
28589,28304
28597,28306
28560,28308
28567,28309
28496,28311
28311,28707
28312,28342
28312,28428
28313,28465
28714,28313
28345,28314
28590,28315
28677,28315
28693,28315
28575,28316
28611,28316
28511,28317
28317,28553
28525,28318
28489,28319
28549,28319
28427,28320
28320,28497
28320,28561
28667,28320
28322,28518
28322,28588
28322,28666
28444,28324
28324,28635
28325,28563
28325,28640
28578,28327
28327,28579
28682,28327
28709,28328
28329,28686
28439,28330
28428,28331
28331,28481
28428,28332
28333,28389
28435,28333
28335,28389
28478,28335
28336,28458
28336,28564
28338,28652
28705,28338
28339,28371
28339,28377
28339,28412
28339,28553
28339,28689
28367,28340
28496,28342
28446,28343
28343,28452
28552,28343
28703,28343
28417,28345
28345,28484
28674,28345
28462,28348
28348,28501
28572,28348
28349,28497
28561,28349
28687,28349
28406,28350
28418,28350
28709,28350
28351,28524
28351,28683
28352,28580
28352,28716
28354,28434
28355,28605
28592,28356
28476,28357
28551,28357
28357,28622
28691,28358
28359,28619
28360,28375
28361,28384
28364,28704
28366,28367
28366,28477
28670,28368
28400,28369
28370,28666
28594,28372
28373,28521
28374,28434
28534,28374
28377,28385
28393,28378
28437,28378
28378,28634
28379,28531
28380,28531
28380,28603
28660,28380
28380,28700
28523,28381
28398,28382
28383,28596
28629,28383
28384,28708
28386,28711
28495,28387
28387,28619
28417,28391
28723,28391
28403,28392
28437,28393
28393,28679
28694,28393
28394,28502
28565,28396
28396,28670
28397,28572
28483,28398
28398,28529
28399,28476
28399,28550
28399,28622
28400,28404
28517,28400
28400,28568
28590,28401
28677,28401
28401,28683
28405,28719
28418,28406
28406,28546
28471,28408
28505,28410
28411,28699
28456,28412
28689,28412
28484,28413
28413,28674
28688,28413
28592,28414
28546,28418
28419,28591
28681,28419
28421,28463
28421,28492
28522,28421
28424,28566
28424,28569
28661,28424
28726,28424
28425,28507
28504,28430
28535,28433
28433,28628
28525,28435
28458,28436
28690,28438
28630,28440
28440,28646
28440,28692
28441,28616
28709,28442
28443,28498
28443,28707
28444,28635
28446,28523
28446,28703
28674,28447
28716,28448
28606,28449
28589,28450
28452,28533
28522,28455
28485,28456
28457,28551
28458,28460
28458,28490
28458,28564
28459,28630
28459,28646
28459,28692
28497,28461
28501,28462
28462,28572
28462,28585
28696,28462
28512,28463
28558,28463
28573,28463
28463,28690
28465,28653
28465,28685
28658,28466
28469,28533
28488,28470
28509,28473
28535,28473
28710,28473
28474,28487
28476,28550
28612,28478
28520,28479
28479,28561
28480,28523
28593,28480
28522,28482
28482,28717
28483,28645
28711,28487
28573,28488
28595,28488
28489,28631
28492,28595
28690,28492
28557,28493
28493,28647
28494,28511
28497,28520
28498,28724
28499,28506
28501,28668
28502,28577
28503,28690
28615,28505
28512,28651
28517,28701
28517,28707
28518,28588
28523,28552
28523,28655
28677,28524
28524,28693
28525,28679
28525,28694
28526,28697
28609,28528
28547,28530
28531,28700
28533,28703
28535,28628
28538,28600
28562,28539
28551,28540
28540,28611
28705,28542
28706,28543
28545,28639
28718,28549
28575,28551
28647,28557
28558,28651
28558,28697
28576,28560
28562,28569
28566,28600
28617,28567
28620,28568
28572,28586
28578,28579
28638,28578
28645,28578
28579,28623
28669,28579
28671,28579
28581,28718
28585,28668
28585,28696
28691,28588
28659,28589
28596,28590
28591,28649
28684,28591
28663,28598
28697,28599
28656,28602
28660,28603
28718,28603
28606,28667
28640,28607
28610,28623
28682,28610
28658,28614
28656,28615
28618,28647
28682,28623
28705,28623
28624,28701
28652,28625
28625,28705
28627,28680
28681,28628
28646,28630
28649,28632
28684,28632
28633,28673
28670,28637
28638,28669
28682,28638
28645,28669
28648,28713
28649,28684
28721,28653
28676,28654
28703,28655
28693,28658
28696,28668
28672,28674
28673,28701
28674,28688
28698,28674
28692,28686
